"","Year","Habitat_plant","Sample_code","Sample_code_by_core","depth","label","Tsoil","pH","GPS","site","habitat","WTD","ALD"
"2013_P_1_1_5","2013","PALSA","core_1","2013_P_1_1_5","1_5","P","12.4","","N 68 21.2074, E 19 02.8407","Palsa Autochamber Site","Palsa","Not Measured","42.0"
"2013_P_1_10_14","2013","PALSA","core_1","2013_P_1_10_14","10_14","P","6.1","","N 68 21.2074, E 19 02.8407","Palsa Autochamber Site","Palsa","Not Measured","42.0"
"2013_P_2_1_5","2013","PALSA","core_2","2013_P_2_1_5","1_5","P",NA,"","N 68 21.2076, E 19 02.8404","Palsa Autochamber Site","Palsa","Not Measured","32.0"
"2013_P_2_10_14","2013","PALSA","core_2","2013_P_2_10_14","10_14","P",NA,"","N 68 21.2076, E 19 02.8404","Palsa Autochamber Site","Palsa","Not Measured","32.0"
"2013_P_3_1_5","2013","PALSA","core_3","2013_P_3_1_5","1_5","P",NA,"","N 68 21.2066, E 19 02.8416","Palsa Autochamber Site","Palsa","Not Measured","44.0"
"2013_P_3_10_14","2013","PALSA","core_3","2013_P_3_10_14","10_14","P",NA,"","N 68 21.2066, E 19 02.8416","Palsa Autochamber Site","Palsa","Not Measured","44.0"
"2013_S_1_1_5","2013","BOG","core_1","2013_S_1_1_5","1_5","S","14.8","","N 68 21.1974, E 19 02.8472","Sphagnum Autochamber Site","Bog","-7.0","78.0"
"2013_S_1_10_14","2013","BOG","core_1","2013_S_1_10_14","10_14","S","8.8","4.1","N 68 21.1974, E 19 02.8472","Sphagnum Autochamber Site","Bog","-7.0","78.0"
"2013_S_2_1_5","2013","BOG","core_2","2013_S_2_1_5","1_5","S","15.7","","N 68 21.1975, E 19 02.8521","Sphagnum Autochamber Site","Bog","-7.0","78.0"
"2013_S_2_10_14","2013","BOG","core_2","2013_S_2_10_14","10_14","S","10.4","4.1","N 68 21.1975, E 19 02.8521","Sphagnum Autochamber Site","Bog","-7.0","78.0"
"2013_S_3_1_5","2013","BOG","core_3","2013_S_3_1_5","1_5","S",NA,"","N 68 21.2017, E 19 02.8510","Sphagnum Autochamber Site","Bog","Not Measured","Not Measured"
"2013_S_3_10_14","2013","BOG","core_3","2013_S_3_10_14","10_14","S",NA,"","N 68 21.2017, E 19 02.8510","Sphagnum Autochamber Site","Bog","Not Measured","Not Measured"
"2013_E_1_1_5","2013","FEN","core_1","2013_E_1_1_5","1_5","E","11.6","5.3","N 68 21.2006, E 19 02.8094","Eriophorum Autochamber Site","Fen","0.0","Not Measured"
"2013_E_1_10_14","2013","FEN","core_1","2013_E_1_10_14","10_14","E","10.2","5.4","N 68 21.2006, E 19 02.8094","Eriophorum Autochamber Site","Fen","0.0","Not Measured"
"2013_E_2_1_5","2013","FEN","core_2","2013_E_2_1_5","1_5","E",NA,"","N 68 21.2022, E 19 02.8008","Eriophorum Autochamber Site","Fen","Not Measured","Not Measured"
"2013_E_2_10_14","2013","FEN","core_2","2013_E_2_10_14","10_14","E",NA,"","N 68 21.2022, E 19 02.8008","Eriophorum Autochamber Site","Fen","Not Measured","Not Measured"
"2013_E_3_1_5","2013","FEN","core_3","2013_E_3_1_5","1_5","E","15.8","5.9","NaN","Eriophorum Autochamber Site","Fen","-2.0","Not Measured"
"2013_E_3_10_14","2013","FEN","core_3","2013_E_3_10_14","10_14","E","12.6","5.9","NaN","Eriophorum Autochamber Site","Fen","-2.0","Not Measured"
"2014_P_1_1_5","2014","PALSA","core_1","2014_P_1_1_5","1_5","P","18.4",NA,"N 68 21.1959, E 19 02.7974","Palsa Autochamber Site","Palsa","Not Measured","47.0"
"2014_P_1_10_14","2014","PALSA","core_1","2014_P_1_10_14","10_14","P","10",NA,"N 68 21.1959, E 19 02.7974","Palsa Autochamber Site","Palsa","Not Measured","47.0"
"2014_P_1_20_24","2014","PALSA","core_1","2014_P_1_20_24","20_24","P","6",NA,"N 68 21.1959, E 19 02.7974","Palsa Autochamber Site","Palsa","Not Measured","47.0"
"2014_P_1_30_34","2014","PALSA","core_1","2014_P_1_30_34","30_34","P","3.6",NA,"N 68 21.1959, E 19 02.7974","Palsa Autochamber Site","Palsa","Not Measured","47.0"
"2014_P_2_1_5","2014","PALSA","core_2","2014_P_2_1_5","1_5","P","20.5",NA,"N 68 21.1959, E 19 02.7974","Palsa Autochamber Site","Palsa","Not Measured","44.0"
"2014_P_2_10_14","2014","PALSA","core_2","2014_P_2_10_14","10_14","P","13",NA,"N 68 21.1959, E 19 02.7974","Palsa Autochamber Site","Palsa","Not Measured","44.0"
"2014_P_2_20_24","2014","PALSA","core_2","2014_P_2_20_24","20_24","P","8.5",NA,"N 68 21.1959, E 19 02.7974","Palsa Autochamber Site","Palsa","Not Measured","44.0"
"2014_P_2_30_34","2014","PALSA","core_2","2014_P_2_30_34","30_34","P","0",NA,"N 68 21.1959, E 19 02.7974","Palsa Autochamber Site","Palsa","Not Measured","44.0"
"2014_P_3_1_5","2014","PALSA","core_3","2014_P_3_1_5","1_5","P","19.1",NA,"N 68 21.1959, E 19 02.7974","Palsa Autochamber Site","Palsa","Not Measured","40.0"
"2014_P_3_10_14","2014","PALSA","core_3","2014_P_3_10_14","10_14","P","10.7",NA,"N 68 21.1959, E 19 02.7974","Palsa Autochamber Site","Palsa","Not Measured","40.0"
"2014_P_3_20_24","2014","PALSA","core_3","2014_P_3_20_24","20_24","P","6.8",NA,"N 68 21.1959, E 19 02.7974","Palsa Autochamber Site","Palsa","Not Measured","40.0"
"2014_P_3_30_34","2014","PALSA","core_3","2014_P_3_30_34","30_34","P","2.9",NA,"N 68 21.1959, E 19 02.7974","Palsa Autochamber Site","Palsa","Not Measured","40.0"
"2014_S_1_1_5","2014","BOG","core_1","2014_S_1_1_5","1_5","S","16.2",NA,"N 68 21.1973, E 19 02.8537","Sphagnum Autochamber Site","Bog","-10.0","Below Detection (>100)"
"2014_S_1_10_14","2014","BOG","core_1","2014_S_1_10_14","10_14","S","14.1","5.1","N 68 21.1973, E 19 02.8537","Sphagnum Autochamber Site","Bog","-10.0","Below Detection (>100)"
"2014_S_1_20_24","2014","BOG","core_1","2014_S_1_20_24","20_24","S","12.1","4.3","N 68 21.1973, E 19 02.8537","Sphagnum Autochamber Site","Bog","-10.0","Below Detection (>100)"
"2014_S_1_30_34","2014","BOG","core_1","2014_S_1_30_34","30_34","S","10.4","4.1","N 68 21.1973, E 19 02.8537","Sphagnum Autochamber Site","Bog","-10.0","Below Detection (>100)"
"2014_S_2_1_5","2014","BOG","core_2","2014_S_2_1_5","1_5","S","18.4",NA,"N 68 21.1968, E 19 02.8319","Sphagnum Autochamber Site","Bog","Not Measured","Below Detection (>100)"
"2014_S_2_10_14","2014","BOG","core_2","2014_S_2_10_14","10_14","S","14",NA,"N 68 21.1968, E 19 02.8319","Sphagnum Autochamber Site","Bog","Not Measured","Below Detection (>100)"
"2014_S_2_20_24","2014","BOG","core_2","2014_S_2_20_24","20_24","S","11.9",NA,"N 68 21.1968, E 19 02.8319","Sphagnum Autochamber Site","Bog","Not Measured","Below Detection (>100)"
"2014_S_2_30_34","2014","BOG","core_2","2014_S_2_30_34","30_34","S","10.4",NA,"N 68 21.1968, E 19 02.8319","Sphagnum Autochamber Site","Bog","Not Measured","Below Detection (>100)"
"2014_S_3_1_5","2014","BOG","core_3","2014_S_3_1_5","1_5","S","18.2",NA,"N 68 21.19189, E 19 02.8572","Sphagnum Autochamber Site","Bog","Not Measured","Below Detection (>100)"
"2014_S_3_10_14","2014","BOG","core_3","2014_S_3_10_14","10_14","S","15.7",NA,"N 68 21.19189, E 19 02.8572","Sphagnum Autochamber Site","Bog","Not Measured","Below Detection (>100)"
"2014_S_3_20_24","2014","BOG","core_3","2014_S_3_20_24","20_24","S","14.3",NA,"N 68 21.19189, E 19 02.8572","Sphagnum Autochamber Site","Bog","Not Measured","Below Detection (>100)"
"2014_S_3_30_34","2014","BOG","core_3","2014_S_3_30_34","30_34","S","12.4",NA,"N 68 21.19189, E 19 02.8572","Sphagnum Autochamber Site","Bog","Not Measured","Below Detection (>100)"
"2014_E_1_1_5","2014","FEN","core_1","2014_E_1_1_5","1_5","E","16.7","5.4","N 68 21.1992, E 19 02.8063","Eriophorum Autochamber Site","Fen","0.0","Below Detection (>100)"
"2014_E_1_10_14","2014","FEN","core_1","2014_E_1_10_14","10_14","E","16.9","5.1","N 68 21.1992, E 19 02.8063","Eriophorum Autochamber Site","Fen","0.0","Below Detection (>100)"
"2014_E_1_20_24","2014","FEN","core_1","2014_E_1_20_24","20_24","E","16.5","5.1","N 68 21.1992, E 19 02.8063","Eriophorum Autochamber Site","Fen","0.0","Below Detection (>100)"
"2014_E_1_30_34","2014","FEN","core_1","2014_E_1_30_34","30_34","E","15.8","5.3","N 68 21.1992, E 19 02.8063","Eriophorum Autochamber Site","Fen","0.0","Below Detection (>100)"
"2014_E_2_1_5","2014","FEN","core_2","2014_E_2_1_5","1_5","E","14.8",NA,"N 68 21.1959, E 19 02.7992","Eriophorum Autochamber Site","Fen","Not Measured","Below Detection (>100)"
"2014_E_2_10_14","2014","FEN","core_2","2014_E_2_10_14","10_14","E","13.8",NA,"N 68 21.1959, E 19 02.7992","Eriophorum Autochamber Site","Fen","Not Measured","Below Detection (>100)"
"2014_E_2_20_24","2014","FEN","core_2","2014_E_2_20_24","20_24","E","12.6",NA,"N 68 21.1959, E 19 02.7992","Eriophorum Autochamber Site","Fen","Not Measured","Below Detection (>100)"
"2015_P_1_1_5","2015","PALSA","core_1","2015_P_1_1_5","1_5","P","11.7",NA,"N 68 21.206, E 19 02.831","Palsa Autochamber Site","Palsa","Not Measured","40.0"
"2015_P_1_10_14","2015","PALSA","core_1","2015_P_1_10_14","10_14","P","10.2",NA,"N 68 21.206, E 19 02.831","Palsa Autochamber Site","Palsa","Not Measured","40.0"
"2015_P_1_20_24","2015","PALSA","core_1","2015_P_1_20_24","20_24","P","6.4",NA,"N 68 21.206, E 19 02.831","Palsa Autochamber Site","Palsa","Not Measured","40.0"
"2015_P_1_30_34","2015","PALSA","core_1","2015_P_1_30_34","30_34","P","1.8",NA,"N 68 21.206, E 19 02.831","Palsa Autochamber Site","Palsa","Not Measured","40.0"
"2015_P_2_1_5","2015","PALSA","core_2","2015_P_2_1_5","1_5","P","12.6",NA,"N 68 21.2069, E 19 02.8361","Palsa Autochamber Site","Palsa","Not Measured","38.0"
"2015_P_2_10_14","2015","PALSA","core_2","2015_P_2_10_14","10_14","P","9.4",NA,"N 68 21.2069, E 19 02.8361","Palsa Autochamber Site","Palsa","Not Measured","38.0"
"2015_P_2_20_24","2015","PALSA","core_2","2015_P_2_20_24","20_24","P","5.6",NA,"N 68 21.2069, E 19 02.8361","Palsa Autochamber Site","Palsa","Not Measured","38.0"
"2015_P_2_30_34","2015","PALSA","core_2","2015_P_2_30_34","30_34","P","3.1",NA,"N 68 21.2069, E 19 02.8361","Palsa Autochamber Site","Palsa","Not Measured","38.0"
"2015_P_3_1_5","2015","PALSA","core_3","2015_P_3_1_5","1_5","P","13.2",NA,"N 68 21.2085, E 19 02.8370","Palsa Autochamber Site","Palsa","Not Measured","38.5"
"2015_P_3_10_14","2015","PALSA","core_3","2015_P_3_10_14","10_14","P","10.9",NA,"N 68 21.2085, E 19 02.8370","Palsa Autochamber Site","Palsa","Not Measured","38.5"
"2015_P_3_20_24","2015","PALSA","core_3","2015_P_3_20_24","20_24","P","6.5",NA,"N 68 21.2085, E 19 02.8370","Palsa Autochamber Site","Palsa","Not Measured","38.5"
"2015_P_3_30_34","2015","PALSA","core_3","2015_P_3_30_34","30_34","P","2.7",NA,"N 68 21.2085, E 19 02.8370","Palsa Autochamber Site","Palsa","Not Measured","38.5"
"2015_S_1_1_5","2015","BOG","core_1","2015_S_1_1_5","1_5","S","16.3",NA,"N 68 21.1995, E 19 02.8522","Sphagnum Autochamber Site","Bog","-13.0","Below Detection (>100)"
"2015_S_1_10_14","2015","BOG","core_1","2015_S_1_10_14","10_14","S","8.9","4.2","N 68 21.1995, E 19 02.8522","Sphagnum Autochamber Site","Bog","-13.0","Below Detection (>100)"
"2015_S_1_20_24","2015","BOG","core_1","2015_S_1_20_24","20_24","S","6","4.2","N 68 21.1995, E 19 02.8522","Sphagnum Autochamber Site","Bog","-13.0","Below Detection (>100)"
"2015_S_1_30_34","2015","BOG","core_1","2015_S_1_30_34","30_34","S","2.7","4.4","N 68 21.1995, E 19 02.8522","Sphagnum Autochamber Site","Bog","-13.0","Below Detection (>100)"
"2015_S_2_1_5","2015","BOG","core_2","2015_S_2_1_5","1_5","S","17.7",NA,"N 68 21.1990, E 19 02.8524","Sphagnum Autochamber Site","Bog","-16.0","Below Detection (>100)"
"2015_S_2_10_14","2015","BOG","core_2","2015_S_2_10_14","10_14","S","11.2",NA,"N 68 21.1990, E 19 02.8524","Sphagnum Autochamber Site","Bog","-16.0","Below Detection (>100)"
"2015_S_2_20_24","2015","BOG","core_2","2015_S_2_20_24","20_24","S","9.2",NA,"N 68 21.1990, E 19 02.8524","Sphagnum Autochamber Site","Bog","-16.0","Below Detection (>100)"
"2015_S_2_30_34","2015","BOG","core_2","2015_S_2_30_34","30_34","S","7.7",NA,"N 68 21.1990, E 19 02.8524","Sphagnum Autochamber Site","Bog","-16.0","Below Detection (>100)"
"2015_S_3_1_5","2015","BOG","core_3","2015_S_3_1_5","1_5","S","17.7",NA,"N 68 21.1989, E 19 02.8504","Sphagnum Autochamber Site","Bog","-15.0","35.0"
"2015_S_3_10_14","2015","BOG","core_3","2015_S_3_10_14","10_14","S","8.9",NA,"N 68 21.1989, E 19 02.8504","Sphagnum Autochamber Site","Bog","-15.0","35.0"
"2015_S_3_20_24","2015","BOG","core_3","2015_S_3_20_24","20_24","S","6",NA,"N 68 21.1989, E 19 02.8504","Sphagnum Autochamber Site","Bog","-15.0","35.0"
"2015_S_3_30_34","2015","BOG","core_3","2015_S_3_30_34","30_34","S","3.5",NA,"N 68 21.1989, E 19 02.8504","Sphagnum Autochamber Site","Bog","-15.0","35.0"
"2015_E_1_1_5","2015","FEN","core_1","2015_E_1_1_5","1_5","E","12.9","5.3","N 68 21.198, E 19 02.822","Eriophorum Autochamber Site","Fen","0.0","Below Detection (>100)"
"2015_E_1_10_14","2015","FEN","core_1","2015_E_1_10_14","10_14","E","12","5.4","N 68 21.198, E 19 02.822","Eriophorum Autochamber Site","Fen","0.0","Below Detection (>100)"
"2015_E_1_20_24","2015","FEN","core_1","2015_E_1_20_24","20_24","E","11","5.4","N 68 21.198, E 19 02.822","Eriophorum Autochamber Site","Fen","0.0","Below Detection (>100)"
"2015_E_1_30_34","2015","FEN","core_1","2015_E_1_30_34","30_34","E","10","5.8","N 68 21.198, E 19 02.822","Eriophorum Autochamber Site","Fen","0.0","Below Detection (>100)"
"2015_E_2_1_5","2015","FEN","core_2","2015_E_2_1_5","1_5","E","12.1",NA,"N 68 21.1982, E 19 02.8091","Eriophorum Autochamber Site","Fen","0.0","Below Detection (>100)"
"2015_E_2_10_14","2015","FEN","core_2","2015_E_2_10_14","10_14","E","11",NA,"N 68 21.1982, E 19 02.8091","Eriophorum Autochamber Site","Fen","0.0","Below Detection (>100)"
"2015_E_2_20_24","2015","FEN","core_2","2015_E_2_20_24","20_24","E","10.3",NA,"N 68 21.1982, E 19 02.8091","Eriophorum Autochamber Site","Fen","0.0","Below Detection (>100)"
"2015_E_2_30_34","2015","FEN","core_2","2015_E_2_30_34","30_34","E","9.6",NA,"N 68 21.1982, E 19 02.8091","Eriophorum Autochamber Site","Fen","0.0","Below Detection (>100)"
"2015_E_3_1_5","2015","FEN","core_3","2015_E_3_1_5","1_5","E","14.5",NA,"N 68 21.203, E 19 02.812","Eriophorum Autochamber Site","Fen","0.0","Below Detection (>100)"
"2015_E_3_10_14","2015","FEN","core_3","2015_E_3_10_14","10_14","E","13.9",NA,"N 68 21.203, E 19 02.812","Eriophorum Autochamber Site","Fen","0.0","Below Detection (>100)"
"2015_E_3_20_24","2015","FEN","core_3","2015_E_3_20_24","20_24","E","13.3",NA,"N 68 21.203, E 19 02.812","Eriophorum Autochamber Site","Fen","0.0","Below Detection (>100)"
"2015_E_3_30_34","2015","FEN","core_3","2015_E_3_30_34","30_34","E","12.3",NA,"N 68 21.203, E 19 02.812","Eriophorum Autochamber Site","Fen","0.0","Below Detection (>100)"
"2017_P_1_1_5","2017","PALSA","core_1","2017_P_1_1_5","1_5","P","14.3","gas","N 68 21.2023992, E 19 02.82643638","Palsa Autochamber Site","Palsa","Not Measured","30.0"
"2017_P_1_10_14","2017","PALSA","core_1","2017_P_1_10_14","10_14","P","10.2","gas","N 68 21.2023992, E 19 02.82643638","Palsa Autochamber Site","Palsa","Not Measured","30.0"
"2017_P_1_20_24","2017","PALSA","core_1","2017_P_1_20_24","20_24","P","7.9","gas","N 68 21.2023992, E 19 02.82643638","Palsa Autochamber Site","Palsa","Not Measured","30.0"
"2017_P_2_1_5","2017","PALSA","core_2","2017_P_2_1_5","1_5","P","13.3","gas","N 68 21.20992614, E 19 02.83310472","Palsa Autochamber Site","Palsa","Not Measured","35.0"
"2017_P_2_10_14","2017","PALSA","core_2","2017_P_2_10_14","10_14","P","10.5","gas","N 68 21.20992614, E 19 02.83310472","Palsa Autochamber Site","Palsa","Not Measured","35.0"
"2017_P_2_20_24","2017","PALSA","core_2","2017_P_2_20_24","20_24","P","8","gas","N 68 21.20992614, E 19 02.83310472","Palsa Autochamber Site","Palsa","Not Measured","35.0"
"2017_P_3_1_5","2017","PALSA","core_3","2017_P_3_1_5","1_5","P","14.6","gas","N 68 21.2105841, E 19 02.83722072","Palsa Autochamber Site","Palsa","Not Measured","31.0"
"2017_P_3_10_14","2017","PALSA","core_3","2017_P_3_10_14","10_14","P","10.5","gas","N 68 21.2105841, E 19 02.83722072","Palsa Autochamber Site","Palsa","Not Measured","31.0"
"2017_P_3_20_24","2017","PALSA","core_3","2017_P_3_20_24","20_24","P","7.7","gas","N 68 21.2105841, E 19 02.83722072","Palsa Autochamber Site","Palsa","Not Measured","31.0"
"2017_S_2_1_5","2017","BOG","core_2","2017_S_2_1_5","1_5","S","20.3","gas","N 68 21.1962438, E 19 02.84728404","Sphagnum Autochamber Site","Bog","-11.0","Below Detection (>100)"
"2017_S_2_10_14","2017","BOG","core_2","2017_S_2_10_14","10_14","S","14.8","4.3","N 68 21.1962438, E 19 02.84728404","Sphagnum Autochamber Site","Bog","-11.0","Below Detection (>100)"
"2017_S_2_20_24","2017","BOG","core_2","2017_S_2_20_24","20_24","S","13.8","4.4","N 68 21.1962438, E 19 02.84728404","Sphagnum Autochamber Site","Bog","-11.0","Below Detection (>100)"
"2017_S_2_30_34","2017","BOG","core_2","2017_S_2_30_34","30_34","S","13.4","4.3","N 68 21.1962438, E 19 02.84728404","Sphagnum Autochamber Site","Bog","-11.0","Below Detection (>100)"
"2017_S_3_1_5","2017","BOG","core_3","2017_S_3_1_5","1_5","S","21","gas","N 68 21.19724352, E 19 02.85474264","Sphagnum Autochamber Site","Bog","-13.0","Below Detection (>100)"
"2017_S_3_10_14","2017","BOG","core_3","2017_S_3_10_14","10_14","S","18.5","3.8","N 68 21.19724352, E 19 02.85474264","Sphagnum Autochamber Site","Bog","-13.0","Below Detection (>100)"
"2017_S_3_20_24","2017","BOG","core_3","2017_S_3_20_24","20_24","S","17.6","3.8","N 68 21.19724352, E 19 02.85474264","Sphagnum Autochamber Site","Bog","-13.0","Below Detection (>100)"
"2017_S_3_30_34","2017","BOG","core_3","2017_S_3_30_34","30_34","S","16.5","4.4","N 68 21.19724352, E 19 02.85474264","Sphagnum Autochamber Site","Bog","-13.0","Below Detection (>100)"
"2017_E_1_1_5","2017","FEN","core_1","2017_E_1_1_5","1_5","E","18.9","air, not poregas","N 68 21.194112, E 19 02.81954484","Eriophorum Autochamber Site","Fen","Difficult to tell, fluffy sphag layer floated in/above the water surface.","Below Detection (>100)"
"2017_E_1_10_14","2017","FEN","core_1","2017_E_1_10_14","10_14","E","17.1","5","N 68 21.194112, E 19 02.81954484","Eriophorum Autochamber Site","Fen","Difficult to tell, fluffy sphag layer floated in/above the water surface.","Below Detection (>100)"
"2017_E_1_20_24","2017","FEN","core_1","2017_E_1_20_24","20_24","E","16.3","5.1","N 68 21.194112, E 19 02.81954484","Eriophorum Autochamber Site","Fen","Difficult to tell, fluffy sphag layer floated in/above the water surface.","Below Detection (>100)"
"2017_E_1_30_34","2017","FEN","core_1","2017_E_1_30_34","30_34","E","15.9","5.1","N 68 21.194112, E 19 02.81954484","Eriophorum Autochamber Site","Fen","Difficult to tell, fluffy sphag layer floated in/above the water surface.","Below Detection (>100)"
"2017_E_2_1_5","2017","FEN","core_2","2017_E_2_1_5","1_5","E","18.1","5.7","N 68 21.20026074, E 19 02.80811616","Eriophorum Autochamber Site","Fen","17.0","Below Detection (>100)"
"2017_E_2_10_14","2017","FEN","core_2","2017_E_2_10_14","10_14","E","16.6","5.7","N 68 21.20026074, E 19 02.80811616","Eriophorum Autochamber Site","Fen","17.0","Below Detection (>100)"
"2017_E_2_20_24","2017","FEN","core_2","2017_E_2_20_24","20_24","E","15.6","5.6","N 68 21.20026074, E 19 02.80811616","Eriophorum Autochamber Site","Fen","17.0","Below Detection (>100)"
"2017_E_3_1_5","2017","FEN","core_3","2017_E_3_1_5","1_5","E","17.1","6.6","N 68 21.2033307, E 19 02.79918348","Eriophorum Autochamber Site","Fen","10.0","Below Detection (>100)"
"2017_E_3_10_14","2017","FEN","core_3","2017_E_3_10_14","10_14","E","16.1","5.8","N 68 21.2033307, E 19 02.79918348","Eriophorum Autochamber Site","Fen","10.0","Below Detection (>100)"
"2017_E_3_20_24","2017","FEN","core_3","2017_E_3_20_24","20_24","E","15.6","5.9","N 68 21.2033307, E 19 02.79918348","Eriophorum Autochamber Site","Fen","10.0","Below Detection (>100)"
"2017_E_3_30_34","2017","FEN","core_3","2017_E_3_30_34","30_34","E","15.2","6","N 68 21.2033307, E 19 02.79918348","Eriophorum Autochamber Site","Fen","10.0","Below Detection (>100)"
"2018_P1_1_5","2018","PALSA","core_1","2018_P_1_1_5","1_5","P","15.5","gas","N 68 21.1993, E 19 02.8215","Palsa Autochamber Site","Palsa","-76.0","41.0"
"2018_P1_10_14","2018","PALSA","core_1","2018_P_1_10_14","10_14","P","13.6","gas","N 68 21.1993, E 19 02.8215","Palsa Autochamber Site","Palsa","-76.0","41.0"
"2018_P1_20_24","2018","PALSA","core_1","2018_P_1_20_24","20_24","P","11.9","gas","N 68 21.1993, E 19 02.8215","Palsa Autochamber Site","Palsa","-76.0","41.0"
"2018_P1_30_34","2018","PALSA","core_1","2018_P_1_30_34","30_34","P","9.9","gas","N 68 21.1993, E 19 02.8215","Palsa Autochamber Site","Palsa","-76.0","41.0"
"2018_P1_40_44","2018","PALSA","core_1","2018_P_1_40_44","40_44","P","8.3","","N 68 21.1993, E 19 02.8215","Palsa Autochamber Site","Palsa","-76.0","41.0"
"2018_P1_50_54","2018","PALSA","core_1","2018_P_1_50_54","50_54","P",NA,"","N 68 21.1993, E 19 02.8215","Palsa Autochamber Site","Palsa","-76.0","41.0"
"2018_P1_60_64","2018","PALSA","core_1","2018_P_1_60_64","60_64","P",NA,"","N 68 21.1993, E 19 02.8215","Palsa Autochamber Site","Palsa","-76.0","41.0"
"2018_P1_70_74","2018","PALSA","core_1","2018_P_1_70_74","70_74","P",NA,"","N 68 21.1993, E 19 02.8215","Palsa Autochamber Site","Palsa","-76.0","41.0"
"2018_P2_1_5","2018","PALSA","core_2","2018_P_2_1_5","1_5","P","16.2","gas","N 68 21.2109, E 19 02.8368","Palsa Autochamber Site","Palsa","Not Measured","40.0"
"2018_P2_10_14","2018","PALSA","core_2","2018_P_2_10_14","10_14","P","13.1","gas","N 68 21.2109, E 19 02.8368","Palsa Autochamber Site","Palsa","Not Measured","40.0"
"2018_P2_20_24","2018","PALSA","core_2","2018_P_2_20_24","20_24","P","10.8","gas","N 68 21.2109, E 19 02.8368","Palsa Autochamber Site","Palsa","Not Measured","40.0"
"2018_P2_30_34","2018","PALSA","core_2","2018_P_2_30_34","30_34","P","9.5","gas","N 68 21.2109, E 19 02.8368","Palsa Autochamber Site","Palsa","Not Measured","40.0"
"2018_P2_40_44","2018","PALSA","core_2","2018_P_2_40_44","40_44","P","8.3","","N 68 21.2109, E 19 02.8368","Palsa Autochamber Site","Palsa","Not Measured","40.0"
"2018_P2_50_54","2018","PALSA","core_2","2018_P_2_50_54","50_54","P",NA,"","N 68 21.2109, E 19 02.8368","Palsa Autochamber Site","Palsa","Not Measured","40.0"
"2018_P2_60_64","2018","PALSA","core_2","2018_P_2_60_64","60_64","P",NA,"","N 68 21.2109, E 19 02.8368","Palsa Autochamber Site","Palsa","Not Measured","40.0"
"2018_P2_70_74","2018","PALSA","core_2","2018_P_2_70_74","70_74","P",NA,"","N 68 21.2109, E 19 02.8368","Palsa Autochamber Site","Palsa","Not Measured","40.0"
"2018_P2_80_84","2018","PALSA","core_2","2018_P_2_80_84","80_84","P",NA,"","N 68 21.2109, E 19 02.8368","Palsa Autochamber Site","Palsa","Not Measured","40.0"
"2018_P3_1_5","2018","PALSA","core_3","2018_P_3_1_5","1_5","P","14.6","gas","N 68 21.2140, E 19 02.8433","Palsa Autochamber Site","Palsa","Not Measured","43.0"
"2018_P3_10_14","2018","PALSA","core_3","2018_P_3_10_14","10_14","P","11.2","gas","N 68 21.2140, E 19 02.8433","Palsa Autochamber Site","Palsa","Not Measured","43.0"
"2018_P3_20_24","2018","PALSA","core_3","2018_P_3_20_24","20_24","P","9","gas","N 68 21.2140, E 19 02.8433","Palsa Autochamber Site","Palsa","Not Measured","43.0"
"2018_P3_30_34","2018","PALSA","core_3","2018_P_3_30_34","30_34","P","7","","N 68 21.2140, E 19 02.8433","Palsa Autochamber Site","Palsa","Not Measured","43.0"
"2018_P3_40_44","2018","PALSA","core_3","2018_P_3_40_44","40_44","P","5.6","","N 68 21.2140, E 19 02.8433","Palsa Autochamber Site","Palsa","Not Measured","43.0"
"2018_P3_50_54","2018","PALSA","core_3","2018_P_3_50_54","50_54","P",NA,"","N 68 21.2140, E 19 02.8433","Palsa Autochamber Site","Palsa","Not Measured","43.0"
"2018_P3_60_64","2018","PALSA","core_3","2018_P_3_60_64","60_64","P",NA,"","N 68 21.2140, E 19 02.8433","Palsa Autochamber Site","Palsa","Not Measured","43.0"
"2018_P3_70_74","2018","PALSA","core_3","2018_P_3_70_74","70_74","P",NA,"","N 68 21.2140, E 19 02.8433","Palsa Autochamber Site","Palsa","Not Measured","43.0"
"2018_S1_1_5","2018","BOG","core_1","2018_S_1_1_5","1_5","S","19","no porewater","N 68 21.1991, E 19 02.8478","Sphagnum Autochamber Site","Bog","-39.0","44.0"
"2018_S1_10_14","2018","BOG","core_1","2018_S_1_10_14","10_14","S","15.9","pore gas","N 68 21.1991, E 19 02.8478","Sphagnum Autochamber Site","Bog","-39.0","44.0"
"2018_S1_20_24","2018","BOG","core_1","2018_S_1_20_24","20_24","S","13.8","4.6","N 68 21.1991, E 19 02.8478","Sphagnum Autochamber Site","Bog","-39.0","44.0"
"2018_S1_30_34","2018","BOG","core_1","2018_S_1_30_34","30_34","S","11.9","4.2","N 68 21.1991, E 19 02.8478","Sphagnum Autochamber Site","Bog","-39.0","44.0"
"2018_S1_40_44","2018","BOG","core_1","2018_S_1_40_44","40_44","S","10.1","","N 68 21.1991, E 19 02.8478","Sphagnum Autochamber Site","Bog","-39.0","44.0"
"2018_S1_50_54","2018","BOG","core_1","2018_S_1_50_54","50_54","S",NA,"","N 68 21.1991, E 19 02.8478","Sphagnum Autochamber Site","Bog","-39.0","44.0"
"2018_S2_1_5","2018","BOG","core_2","2018_S_2_1_5","1_5","S","24","no porewater","N 68 21.1965, E 19 02.8506","Sphagnum Autochamber Site","Bog","Not Measured","49.0"
"2018_S2_10_14","2018","BOG","core_2","2018_S_2_10_14","10_14","S","19.4","pore gas","N 68 21.1965, E 19 02.8506","Sphagnum Autochamber Site","Bog","Not Measured","49.0"
"2018_S2_20_24","2018","BOG","core_2","2018_S_2_20_24","20_24","S","16.7","4","N 68 21.1965, E 19 02.8506","Sphagnum Autochamber Site","Bog","Not Measured","49.0"
"2018_S2_30_34","2018","BOG","core_2","2018_S_2_30_34","30_34","S","14.6","4","N 68 21.1965, E 19 02.8506","Sphagnum Autochamber Site","Bog","Not Measured","49.0"
"2018_S2_50_54","2018","BOG","core_2","2018_S_2_50_54","50_54","S",NA,"","N 68 21.1965, E 19 02.8506","Sphagnum Autochamber Site","Bog","Not Measured","49.0"
"2018_S2_60_64","2018","BOG","core_2","2018_S_2_60_64","60_64","S",NA,"","N 68 21.1965, E 19 02.8506","Sphagnum Autochamber Site","Bog","Not Measured","49.0"
"2018_S3_1_5","2018","BOG","core_3","2018_S_3_1_5","1_5","S","17.8","no pw","N 68 21. 1975, E 19 02.8528","Sphagnum Autochamber Site","Bog","Not Measured","49.0"
"2018_S3_10_14","2018","BOG","core_3","2018_S_3_10_14","10_14","S","15.6","pore gas","N 68 21. 1975, E 19 02.8528","Sphagnum Autochamber Site","Bog","Not Measured","49.0"
"2018_S3_20_24","2018","BOG","core_3","2018_S_3_20_24","20_24","S","13","4.2","N 68 21. 1975, E 19 02.8528","Sphagnum Autochamber Site","Bog","Not Measured","49.0"
"2018_S3_30_34","2018","BOG","core_3","2018_S_3_30_34","30_34","S","10.8","4.3","N 68 21. 1975, E 19 02.8528","Sphagnum Autochamber Site","Bog","Not Measured","49.0"
"2018_S3_40_44","2018","BOG","core_3","2018_S_3_40_44","40_44","S","8.9","no pw","N 68 21. 1975, E 19 02.8528","Sphagnum Autochamber Site","Bog","Not Measured","49.0"
"2018_S3_50_54","2018","BOG","core_3","2018_S_3_50_54","50_54","S",NA,"","N 68 21. 1975, E 19 02.8528","Sphagnum Autochamber Site","Bog","Not Measured","49.0"
"2018_S3_60_64","2018","BOG","core_3","2018_S_3_60_64","60_64","S",NA,"","N 68 21. 1975, E 19 02.8528","Sphagnum Autochamber Site","Bog","Not Measured","49.0"
"2018_E1_1_5","2018","FEN","core_1","2018_E_1_1_5","1_5","E","19.2","5.8","N 68 21.2005, E 19 02.8056","Eriophorum Autochamber Site","Fen","6.5","Below Detection (>100)"
"2018_E1_10_14","2018","FEN","core_1","2018_E_1_10_14","10_14","E","18.1","5.6","N 68 21.2005, E 19 02.8056","Eriophorum Autochamber Site","Fen","6.5","Below Detection (>100)"
"2018_E1_20_24","2018","FEN","core_1","2018_E_1_20_24","20_24","E","16.7","5.6","N 68 21.2005, E 19 02.8056","Eriophorum Autochamber Site","Fen","6.5","Below Detection (>100)"
"2018_E1_30_34","2018","FEN","core_1","2018_E_1_30_34","30_34","E","15.6","5.5","N 68 21.2005, E 19 02.8056","Eriophorum Autochamber Site","Fen","6.5","Below Detection (>100)"
"2018_E2_1_5","2018","FEN","core_2","2018_E_2_1_5","1_5","E","21","5.7","N 68 21.2009, E 19 02.8051","Eriophorum Autochamber Site","Fen","8.0","Below Detection (>100)"
"2018_E2_10_14","2018","FEN","core_2","2018_E_2_10_14","10_14","E","20.4","5.5","N 68 21.2009, E 19 02.8051","Eriophorum Autochamber Site","Fen","8.0","Below Detection (>100)"
"2018_E2_20_24","2018","FEN","core_2","2018_E_2_20_24","20_24","E","19.8","5.5","N 68 21.2009, E 19 02.8051","Eriophorum Autochamber Site","Fen","8.0","Below Detection (>100)"
"2018_E2_30_34","2018","FEN","core_2","2018_E_2_30_34","30_34","E","19.7","5.5","N 68 21.2009, E 19 02.8051","Eriophorum Autochamber Site","Fen","8.0","Below Detection (>100)"
"2018_E3_1_5","2018","FEN","core_3","2018_E_3_1_5","1_5","E","20.4","4.9","N 68 21.1957, E 19 02.8178","Eriophorum Autochamber Site","Fen","6.0","Below Detection (>100)"
"2018_E3_10_14","2018","FEN","core_3","2018_E_3_10_14","10_14","E","18.6","5.2","N 68 21.1957, E 19 02.8178","Eriophorum Autochamber Site","Fen","6.0","Below Detection (>100)"
"2018_E3_20_24","2018","FEN","core_3","2018_E_3_20_24","20_24","E","17.6","5.5","N 68 21.1957, E 19 02.8178","Eriophorum Autochamber Site","Fen","6.0","Below Detection (>100)"
"2018_E3_30_34","2018","FEN","core_3","2018_E_3_30_34","30_34","E","16.5","5.5","N 68 21.1957, E 19 02.8178","Eriophorum Autochamber Site","Fen","6.0","Below Detection (>100)"
"2019_P1_1_5","2019","PALSA","core_1","2019_P_1_1_5","1_5","P","10.9",NA,"N 68 21.2017, E 19 02.8279","Palsa Autochamber Site","Palsa","Not Measured","35.0"
"2019_P1_10_14","2019","PALSA","core_1","2019_P_1_10_14","10_14","P","7.6",NA,"N 68 21.2017, E 19 02.8279","Palsa Autochamber Site","Palsa","Not Measured","35.0"
"2019_P1_20_24","2019","PALSA","core_1","2019_P_1_20_24","20_24","P","3.7",NA,"N 68 21.2017, E 19 02.8279","Palsa Autochamber Site","Palsa","Not Measured","35.0"
"2019_P1_30_34","2019","PALSA","core_1","2019_P_1_30_34","30_34","P","1.3","4.3","N 68 21.2017, E 19 02.8279","Palsa Autochamber Site","Palsa","Not Measured","35.0"
"2019_P2_1_5","2019","PALSA","core_2","2019_P_2_1_5","1_5","P","13.1",NA,"N 68 21.2070, E 19 02.8341","Palsa Autochamber Site","Palsa","Not Measured","38.5"
"2019_P2_10_14","2019","PALSA","core_2","2019_P_2_10_14","10_14","P","8.1",NA,"N 68 21.2070, E 19 02.8341","Palsa Autochamber Site","Palsa","Not Measured","38.5"
"2019_P2_20_24","2019","PALSA","core_2","2019_P_2_20_24","20_24","P","4.7",NA,"N 68 21.2070, E 19 02.8341","Palsa Autochamber Site","Palsa","Not Measured","38.5"
"2019_P2_30_34","2019","PALSA","core_2","2019_P_2_30_34","30_34","P","1.9","3.8","N 68 21.2070, E 19 02.8341","Palsa Autochamber Site","Palsa","Not Measured","38.5"
"2019_P3_1_5","2019","PALSA","core_3","2019_P_3_1_5","1_5","P","14.5",NA,"N 68 21.2106, E 19 02.8401","Palsa Autochamber Site","Palsa","Not Measured","34.0"
"2019_P3_10_14","2019","PALSA","core_3","2019_P_3_10_14","10_14","P","9.2",NA,"N 68 21.2106, E 19 02.8401","Palsa Autochamber Site","Palsa","Not Measured","34.0"
"2019_P3_20_24","2019","PALSA","core_3","2019_P_3_20_24","20_24","P","3.9",NA,"N 68 21.2106, E 19 02.8401","Palsa Autochamber Site","Palsa","Not Measured","34.0"
"2019_P3_30_34","2019","PALSA","core_3","2019_P_3_30_34","30_34","P","1",NA,"N 68 21.2106, E 19 02.8401","Palsa Autochamber Site","Palsa","Not Measured","34.0"
"2019_S1_1_5","2019","BOG","core_1","2019_S_1_1_5","1_5","S","16.2",NA,"N 68 21.1972, E 19 02.8475","Sphagnum Autochamber Site","Bog","-18.0","100.0"
"2019_S1_10_14","2019","BOG","core_1","2019_S_1_10_14","10_14","S","3.6",NA,"N 68 21.1972, E 19 02.8475","Sphagnum Autochamber Site","Bog","-18.0","100.0"
"2019_S1_20_24","2019","BOG","core_1","2019_S_1_20_24","20_24","S","-0.2","3.4","N 68 21.1972, E 19 02.8475","Sphagnum Autochamber Site","Bog","-18.0","100.0"
"2019_S1_30_34","2019","BOG","core_1","2019_S_1_30_34","30_34","S","-2.1","3.5","N 68 21.1972, E 19 02.8475","Sphagnum Autochamber Site","Bog","-18.0","100.0"
"2019_S2_1_5","2019","BOG","core_2","2019_S_2_1_5","1_5","S","15.1","3.5","N 68 21.1955, E 19 02.8473","Sphagnum Autochamber Site","Bog","-20.0","75.0"
"2019_S2_10_14","2019","BOG","core_2","2019_S_2_10_14","10_14","S","2.8",NA,"N 68 21.1955, E 19 02.8473","Sphagnum Autochamber Site","Bog","-20.0","75.0"
"2019_S2_20_24","2019","BOG","core_2","2019_S_2_20_24","20_24","S","0.1","3.8","N 68 21.1955, E 19 02.8473","Sphagnum Autochamber Site","Bog","-20.0","75.0"
"2019_S2_30_34","2019","BOG","core_2","2019_S_2_30_34","30_34","S","-2.1","3.8","N 68 21.1955, E 19 02.8473","Sphagnum Autochamber Site","Bog","-20.0","75.0"
"2019_S2_40_44","2019","BOG","core_2","2019_S_2_40_44","40_44","S","-3.9","3.8","N 68 21.1955, E 19 02.8473","Sphagnum Autochamber Site","Bog","-20.0","75.0"
"2019_S3_1_5","2019","BOG","core_3","2019_S_3_1_5","1_5","S","13.9",NA,"N 68 21.1975, E 19 02.8539","Sphagnum Autochamber Site","Bog","-19.0","100.0"
"2019_S3_10_14","2019","BOG","core_3","2019_S_3_10_14","10_14","S","3.9","3.6","N 68 21.1975, E 19 02.8539","Sphagnum Autochamber Site","Bog","-19.0","100.0"
"2019_S3_20_24","2019","BOG","core_3","2019_S_3_20_24","20_24","S","2","3.6","N 68 21.1975, E 19 02.8539","Sphagnum Autochamber Site","Bog","-19.0","100.0"
"2019_S3_30_34","2019","BOG","core_3","2019_S_3_30_34","30_34","S","0.1","3.7","N 68 21.1975, E 19 02.8539","Sphagnum Autochamber Site","Bog","-19.0","100.0"
"2019_E1_1_5","2019","FEN","core_1","2019_E_1_1_5","1_5","E","20.8","4.5","N 68 21.2664, E 19 02.7538","Eriophorum Autochamber Site","Fen","-18.0 or 18.0, pending resolving of unknown sign convention","100.0"
"2019_E1_10_14","2019","FEN","core_1","2019_E_1_10_14","10_14","E","12.8","4.1","N 68 21.2664, E 19 02.7538","Eriophorum Autochamber Site","Fen","-18.0 or 18.0, pending resolving of unknown sign convention","100.0"
"2019_E1_20_24","2019","FEN","core_1","2019_E_1_20_24","20_24","E","11.3","3.8","N 68 21.2664, E 19 02.7538","Eriophorum Autochamber Site","Fen","-18.0 or 18.0, pending resolving of unknown sign convention","100.0"
"2019_E1_30_34","2019","FEN","core_1","2019_E_1_30_34","30_34","E","10.5","3.9","N 68 21.2664, E 19 02.7538","Eriophorum Autochamber Site","Fen","-18.0 or 18.0, pending resolving of unknown sign convention","100.0"
"2019_E2_1_5","2019","FEN","core_2","2019_E_2_1_5","1_5","E","8.6","4.8","N 68 21.2088, E 19 02.8071","Eriophorum Autochamber Site","Fen","1.0 or -1.0, pending resolving of unknown sign convention","100.0"
"2019_E2_10_14","2019","FEN","core_2","2019_E_2_10_14","10_14","E","6.3","4.6","N 68 21.2088, E 19 02.8071","Eriophorum Autochamber Site","Fen","1.0 or -1.0, pending resolving of unknown sign convention","100.0"
"2019_E2_20_24","2019","FEN","core_2","2019_E_2_20_24","20_24","E","6","5.2","N 68 21.2088, E 19 02.8071","Eriophorum Autochamber Site","Fen","1.0 or -1.0, pending resolving of unknown sign convention","100.0"
"2019_E3_1_5","2019","FEN","core_3","2019_E_3_1_5","1_5","E","7.7","5.7","N 68 21.2023, E 19 02.8014","Eriophorum Autochamber Site","Fen","2.0 or -2.0, pending resolving of unknown sign convention","100.0"
"2019_E3_10_14","2019","FEN","core_3","2019_E_3_10_14","10_14","E","3.8","5.7","N 68 21.2023, E 19 02.8014","Eriophorum Autochamber Site","Fen","2.0 or -2.0, pending resolving of unknown sign convention","100.0"
"2019_E3_20_24","2019","FEN","core_3","2019_E_3_20_24","20_24","E","2.4","5.4","N 68 21.2023, E 19 02.8014","Eriophorum Autochamber Site","Fen","2.0 or -2.0, pending resolving of unknown sign convention","100.0"
"2019_E3_30_34","2019","FEN","core_3","2019_E_3_30_34","30_34","E","1.2","5.5","N 68 21.2023, E 19 02.8014","Eriophorum Autochamber Site","Fen","2.0 or -2.0, pending resolving of unknown sign convention","100.0"
"2019_E3_40_44","2019","FEN","core_3","2019_E_3_40_44","40_44","E","0.1","5.3","N 68 21.2023, E 19 02.8014","Eriophorum Autochamber Site","Fen","2.0 or -2.0, pending resolving of unknown sign convention","100.0"
"2020_P1_1_5","2020","PALSA","core_1","2020_P_1_1_5","1_5","P","13.8",NA,"N 68 21.200661, E 19 02.8252494","Palsa Autochamber Site","Palsa","-22.1","Below Detection (>100)"
"2020_P1_10_14","2020","PALSA","core_1","2020_P_1_10_14","10_14","P","6.1",NA,"N 68 21.200661, E 19 02.8252494","Palsa Autochamber Site","Palsa","-22.1","Below Detection (>100)"
"2020_P1_20_24","2020","PALSA","core_1","2020_P_1_20_24","20_24","P","2.1",NA,"N 68 21.200661, E 19 02.8252494","Palsa Autochamber Site","Palsa","-22.1","Below Detection (>100)"
"2020_P1_30_34","2020","PALSA","core_1","2020_P_1_30_34","30_34","P","0","3.85","N 68 21.200661, E 19 02.8252494","Palsa Autochamber Site","Palsa","-22.1","Below Detection (>100)"
"2020_P2_1_5","2020","PALSA","core_2","2020_P_2_1_5","1_5","P","7.5",NA,"N 68 21.2111958, E 19 02.841954","Palsa Autochamber Site","Palsa","-31","35.5"
"2020_P2_10_14","2020","PALSA","core_2","2020_P_2_10_14","10_14","P","2.3",NA,"N 68 21.2111958, E 19 02.841954","Palsa Autochamber Site","Palsa","-31","35.5"
"2020_P2_20_24","2020","PALSA","core_2","2020_P_2_20_24","20_24","P","-3.2",NA,"N 68 21.2111958, E 19 02.841954","Palsa Autochamber Site","Palsa","-31","35.5"
"2020_P3_1_5","2020","PALSA","core_3","2020_P_3_1_5","1_5","P","9.6",NA,"N 68 21.2120568, E 19 02.8403118","Palsa Autochamber Site","Palsa","-25.3","39.0"
"2020_P3_10_14","2020","PALSA","core_3","2020_P_3_10_14","10_14","P","1.5",NA,"N 68 21.2120568, E 19 02.8403118","Palsa Autochamber Site","Palsa","-25.3","39.0"
"2020_P3_20_24","2020","PALSA","core_3","2020_P_3_20_24","20_24","P","-3.6",NA,"N 68 21.2120568, E 19 02.8403118","Palsa Autochamber Site","Palsa","-25.3","39.0"
"2020_P3_30_34","2020","PALSA","core_3","2020_P_3_30_34","30_34","P","-6.9","4.19","N 68 21.2120568, E 19 02.8403118","Palsa Autochamber Site","Palsa","-25.3","39.0"
"2020_S1_1_5","2020","BOG","core_1","2020_S_1_1_5","1_5","S","9.7",NA,"N 68 21.197625, E 19 02.854842","Sphagnum Autochamber Site","Bog","-7","Below Detection (>100)"
"2020_S1_10_14","2020","BOG","core_1","2020_S_1_10_14","10_14","S","7.9","3.93","N 68 21.197625, E 19 02.854842","Sphagnum Autochamber Site","Bog","-7","Below Detection (>100)"
"2020_S1_20_24","2020","BOG","core_1","2020_S_1_20_24","20_24","S","7.1","4.02","N 68 21.197625, E 19 02.854842","Sphagnum Autochamber Site","Bog","-7","Below Detection (>100)"
"2020_S1_30_34","2020","BOG","core_1","2020_S_1_30_34","30_34","S","5.7","4.05","N 68 21.197625, E 19 02.854842","Sphagnum Autochamber Site","Bog","-7","Below Detection (>100)"
"2020_S2_1_5","2020","BOG","core_2","2020_S_2_1_5","1_5","S","12",NA,"N 68 21.1966782, E 19 02.8549452","Sphagnum Autochamber Site","Bog","-7","Below Detection (>100)"
"2020_S2_10_14","2020","BOG","core_2","2020_S_2_10_14","10_14","S","6.1","3.19","N 68 21.1966782, E 19 02.8549452","Sphagnum Autochamber Site","Bog","-7","Below Detection (>100)"
"2020_S2_20_24","2020","BOG","core_2","2020_S_2_20_24","20_24","S","4.4","3.95","N 68 21.1966782, E 19 02.8549452","Sphagnum Autochamber Site","Bog","-7","Below Detection (>100)"
"2020_S2_30_34","2020","BOG","core_2","2020_S_2_30_34","30_34","S","2.9","3.99","N 68 21.1966782, E 19 02.8549452","Sphagnum Autochamber Site","Bog","-7","Below Detection (>100)"
"2020_S3_1_5","2020","BOG","core_3","2020_S_3_1_5","1_5","S","7",NA,"N 68 21.1958994, E 19 02.8483068","Sphagnum Autochamber Site","Bog","-7","Below Detection (>100)"
"2020_S3_10_14","2020","BOG","core_3","2020_S_3_10_14","10_14","S","4.2","3.68","N 68 21.1958994, E 19 02.8483068","Sphagnum Autochamber Site","Bog","-7","Below Detection (>100)"
"2020_S3_20_24","2020","BOG","core_3","2020_S_3_20_24","20_24","S","2.8","3.72","N 68 21.1958994, E 19 02.8483068","Sphagnum Autochamber Site","Bog","-7","Below Detection (>100)"
"2020_S3_30_34","2020","BOG","core_3","2020_S_3_30_34","30_34","S","1.4","3.85","N 68 21.1958994, E 19 02.8483068","Sphagnum Autochamber Site","Bog","-7","Below Detection (>100)"
"2020_E1_1_5","2020","FEN","core_1","2020_E_1_1_5","1_5","E","10.9","5.27","N 68 21.202119, E 19 02.8018494","Eriophorum Autochamber Site","Fen","4","Below Detection (>100)"
"2020_E1_10_14","2020","FEN","core_1","2020_E_1_10_14","10_14","E","9.4","5.3","N 68 21.202119, E 19 02.8018494","Eriophorum Autochamber Site","Fen","4","Below Detection (>100)"
"2020_E1_20_24","2020","FEN","core_1","2020_E_1_20_24","20_24","E","8","5.22","N 68 21.202119, E 19 02.8018494","Eriophorum Autochamber Site","Fen","4","Below Detection (>100)"
"2020_E2_1_5","2020","FEN","core_2","2020_E_2_1_5","1_5","E","6.6","4.96","N 68 21.1972014, E 19 02.8056678","Eriophorum Autochamber Site","Fen","4","Below Detection (>100)"
"2020_E2_10_14","2020","FEN","core_2","2020_E_2_10_14","10_14","E","4.2","5.02","N 68 21.1972014, E 19 02.8056678","Eriophorum Autochamber Site","Fen","4","Below Detection (>100)"
"2020_E2_20_24","2020","FEN","core_2","2020_E_2_20_24","20_24","E","3","5.27","N 68 21.1972014, E 19 02.8056678","Eriophorum Autochamber Site","Fen","4","Below Detection (>100)"
"2020_E2_30_34","2020","FEN","core_2","2020_E_2_30_34","30_34","E","1.6","5.36","N 68 21.1972014, E 19 02.8056678","Eriophorum Autochamber Site","Fen","4","Below Detection (>100)"
"2020_E3_1_5","2020","FEN","core_3","2020_E_3_1_5","1_5","E","7.9","4.73","N 68 21.194763, E 19 02.8158186","Eriophorum Autochamber Site","Fen","5","Below Detection (>100)"
"2020_E3_10_14","2020","FEN","core_3","2020_E_3_10_14","10_14","E","7.3","4.79","N 68 21.194763, E 19 02.8158186","Eriophorum Autochamber Site","Fen","5","Below Detection (>100)"
"2020_E3_20_24","2020","FEN","core_3","2020_E_3_20_24","20_24","E","6.4","4.61","N 68 21.194763, E 19 02.8158186","Eriophorum Autochamber Site","Fen","5","Below Detection (>100)"
"2020_E3_30_34","2020","FEN","core_3","2020_E_3_30_34","30_34","E","5.8","4.6","N 68 21.194763, E 19 02.8158186","Eriophorum Autochamber Site","Fen","5","Below Detection (>100)"
"2022_S1_1_5","2022","BOG","core_1","2022_S_1_1_5","1_5","S","12.3","4","N 68 21.2027148, E 19 02.8538214","Sphagnum Autochamber Site","Bog","-1.0","Below Detection (>100)"
"2022_S1_10_14","2022","BOG","core_1","2022_S_1_10_14","10_14","S","11.3","3.8","N 68 21.2027148, E 19 02.8538214","Sphagnum Autochamber Site","Bog","-1.0","Below Detection (>100)"
"2022_S1_20_24","2022","BOG","core_1","2022_S_1_20_24","20_24","S","10.6","3.7","N 68 21.2027148, E 19 02.8538214","Sphagnum Autochamber Site","Bog","-1.0","Below Detection (>100)"
"2022_S1_30_34","2022","BOG","core_1","2022_S_1_30_34","30_34","S","9.6","3.7","N 68 21.2027148, E 19 02.8538214","Sphagnum Autochamber Site","Bog","-1.0","Below Detection (>100)"
"2022_S1_40_44","2022","BOG","core_1","2022_S_1_40_44","40_44","S","8.6","3.6","N 68 21.2027148, E 19 02.8538214","Sphagnum Autochamber Site","Bog","-1.0","Below Detection (>100)"
"2022_S2_1_5","2022","BOG","core_2","2022_S_2_1_5","1_5","S","11.8","3.6","N 68 21.204174, E 19 02.8551246","Sphagnum Autochamber Site","Bog","-1.0","Below Detection (>100)"
"2022_S2_10_14","2022","BOG","core_2","2022_S_2_10_14","10_14","S","11.4","3.5","N 68 21.204174, E 19 02.8551246","Sphagnum Autochamber Site","Bog","-1.0","Below Detection (>100)"
"2022_S2_20_24","2022","BOG","core_2","2022_S_2_20_24","20_24","S","11.2","3.5","N 68 21.204174, E 19 02.8551246","Sphagnum Autochamber Site","Bog","-1.0","Below Detection (>100)"
"2022_S2_30_34","2022","BOG","core_2","2022_S_2_30_34","30_34","S","10.6","3.6","N 68 21.204174, E 19 02.8551246","Sphagnum Autochamber Site","Bog","-1.0","Below Detection (>100)"
"2022_S2_40_44","2022","BOG","core_2","2022_S_2_40_44","40_44","S","9.6","3.7","N 68 21.204174, E 19 02.8551246","Sphagnum Autochamber Site","Bog","-1.0","Below Detection (>100)"
"2022_S3_1_5","2022","BOG","core_3","2022_S_3_1_5","1_5","S","12.2","3.6","N 68 21.2048442, E 19 02.8540056","Sphagnum Autochamber Site","Bog","-1.0","Below Detection (>100)"
"2022_S3_10_14","2022","BOG","core_3","2022_S_3_10_14","10_14","S","11.7","3.6","N 68 21.2048442, E 19 02.8540056","Sphagnum Autochamber Site","Bog","-1.0","Below Detection (>100)"
"2022_S3_20_24","2022","BOG","core_3","2022_S_3_20_24","20_24","S","11.3","3.6","N 68 21.2048442, E 19 02.8540056","Sphagnum Autochamber Site","Bog","-1.0","Below Detection (>100)"
"2022_S3_30_34","2022","BOG","core_3","2022_S_3_30_34","30_34","S","10.6","3.5","N 68 21.2048442, E 19 02.8540056","Sphagnum Autochamber Site","Bog","-1.0","Below Detection (>100)"
"2022_IncS2_1_5","2022","IncS","core_2","2022_IncS_2_1_5","1_5","IncS",NA,"4","N 68 21.3357798, E 19 02.9519262","Inc-Sphagnum","Bog","-3.0","Below Detection (>100)"
"2022_IncS2_10_14","2022","IncS","core_2","2022_IncS_2_10_14","10_14","IncS",NA,"3.9","N 68 21.3357798, E 19 02.9519262","Inc-Sphagnum","Bog","-3.0","Below Detection (>100)"
"2022_IncS2_20_24","2022","IncS","core_2","2022_IncS_2_20_24","20_24","IncS",NA,"4","N 68 21.3357798, E 19 02.9519262","Inc-Sphagnum","Bog","-3.0","Below Detection (>100)"
"2022_IncS2_30_34","2022","IncS","core_2","2022_IncS_2_30_34","30_34","IncS",NA,"4","N 68 21.3357798, E 19 02.9519262","Inc-Sphagnum","Bog","-3.0","Below Detection (>100)"
"2022_IncS3_1_5","2022","IncS","core_3","2022_IncS_3_1_5","1_5","IncS",NA,"4.1","N 68 21.3259668, E 19 02.94462","Inc-Sphagnum","Bog","-3.0","Below Detection (>1.8 m)"
"2022_IncS3_10_14","2022","IncS","core_3","2022_IncS_3_10_14","10_14","IncS",NA,"3.9","N 68 21.3259668, E 19 02.94462","Inc-Sphagnum","Bog","-3.0","Below Detection (>1.8 m)"
"2022_IncS3_20_24","2022","IncS","core_3","2022_IncS_3_20_24","20_24","IncS",NA,"4","N 68 21.3259668, E 19 02.94462","Inc-Sphagnum","Bog","-3.0","Below Detection (>1.8 m)"
"2022_IncS3_30_34","2022","IncS","core_3","2022_IncS_3_30_34","30_34","IncS",NA,"4.1","N 68 21.3259668, E 19 02.94462","Inc-Sphagnum","Bog","-3.0","Below Detection (>1.8 m)"
"2022_E1_1_5","2022","FEN","core_1","2022_E_1_1_5","1_5","E",NA,"5","N 68 21.1942374, E 19 02.8063278","Eriophorum Autochamber Site","Fen","5.5","Below Detection (>100)"
"2022_E1_10_14","2022","FEN","core_1","2022_E_1_10_14","10_14","E",NA,"4.9","N 68 21.1942374, E 19 02.8063278","Eriophorum Autochamber Site","Fen","5.5","Below Detection (>100)"
"2022_E1_20_24","2022","FEN","core_1","2022_E_1_20_24","20_24","E",NA,"4.8","N 68 21.1942374, E 19 02.8063278","Eriophorum Autochamber Site","Fen","5.5","Below Detection (>100)"
"2022_E1_30_34","2022","FEN","core_1","2022_E_1_30_34","30_34","E",NA,"4.7","N 68 21.1942374, E 19 02.8063278","Eriophorum Autochamber Site","Fen","5.5","Below Detection (>100)"
"2022_IncE_1_5","2022","IncE","core_2","2022_IncE_2_1_5","1_5","IncE",NA,"5.1","N 68 21.2669424, E 19 02.6762994","Inc-Eriophorum","Fen","2.0","Below Detection (> 100)"
"2022_IncE_10_14","2022","IncE","core_2","2022_IncE_2_10_14","10_14","IncE",NA,"4.8","N 68 21.2669424, E 19 02.6762994","Inc-Eriophorum","Fen","2.0","Below Detection (> 100)"
"2022_IncE_20_24","2022","IncE","core_2","2022_IncE_2_20_24","20_24","IncE",NA,"4.7","N 68 21.2669424, E 19 02.6762994","Inc-Eriophorum","Fen","2.0","Below Detection (> 100)"
"2022_IncE_30_34","2022","IncE","core_2","2022_IncE_2_30_34","30_34","IncE",NA,"4.7","N 68 21.2669424, E 19 02.6762994","Inc-Eriophorum","Fen","2.0","Below Detection (> 100)"
"2022_IncE_40_44","2022","IncE","core_2","2022_IncE_2_40_44","40_44","IncE",NA,"4.9","N 68 21.2669424, E 19 02.6762994","Inc-Eriophorum","Fen","2.0","Below Detection (> 100)"
"2016_P3_1_5","2016","PALSA","core_3","2016_P_3_1_5","1_5","P","16",NA,"N 68 21.2109, E 19 02.8412","Palsa Autochamber Site","Palsa","Below Detection (<-100)","35.5"
"2016_P3_20_24","2016","PALSA","core_3","2016_P_3_20_24","20_24","P","4.3",NA,"N 68 21.2109, E 19 02.8412","Palsa Autochamber Site","Palsa","Below Detection (<-100)","35.5"
"2016_P2_20_24","2016","PALSA","core_2","2016_P_2_20_24","20_24","P","6.8",NA,"N 68 21.2073, E 19 02.8399","Palsa Autochamber Site","Palsa","Below Detection (<-100)","39.5"
"2016_P3_10_14","2016","PALSA","core_3","2016_P_3_10_14","10_14","P","9.5",NA,"N 68 21.2109, E 19 02.8412","Palsa Autochamber Site","Palsa","Below Detection (<-100)","35.5"
"2016_P1_10_14","2016","PALSA","core_1","2016_P_1_10_14","10_14","P","10.4",NA,"N 68 21.2708, E 19 02.7958","Palsa Autochamber Site","Palsa","+/- neg, see notes","84.0"
"2016_P2_1_5","2016","PALSA","core_2","2016_P_2_1_5","1_5","P","21.1",NA,"N 68 21.2073, E 19 02.8399","Palsa Autochamber Site","Palsa","Below Detection (<-100)","39.5"
"2016_P1_1_5","2016","PALSA","core_1","2016_P_1_1_5","1_5","P","13.4",NA,"N 68 21.2708, E 19 02.7958","Palsa Autochamber Site","Palsa","+/- neg, see notes","84.0"
"2016_P2_10_14","2016","PALSA","core_2","2016_P_2_10_14","10_14","P","11.1",NA,"N 68 21.2073, E 19 02.8399","Palsa Autochamber Site","Palsa","Below Detection (<-100)","39.5"
"2016_P1_20_24","2016","PALSA","core_1","2016_P_1_20_24","20_24","P","7.4",NA,"N 68 21.2708, E 19 02.7958","Palsa Autochamber Site","Palsa","+/- neg, see notes","84.0"
"2016_E2_1_5","2016","FEN","core_2","2016_E_2_1_5","1_5","E","19.2",NA,"N 68 21.2007, E 19 02.8044","Eriophorum Autochamber Site","Fen","-3.0","Below Detection (>100)"
"2016_E2_10_14","2016","FEN","core_2","2016_E_2_10_14","10_14","E","16.8","4.5","N 68 21.2007, E 19 02.8044","Eriophorum Autochamber Site","Fen","-3.0","Below Detection (>100)"
"2016_E1_1_5","2016","FEN","core_1","2016_E_1_1_5","1_5","E","19.9","5.6","N 68 21.1942, E 19 02.8208","Eriophorum Autochamber Site","Fen","-4.2","Below Detection (>100)"
"2016_E3_20_24","2016","FEN","core_3","2016_E_3_20_24","20_24","E","13.7","5.1","N 68 21.2045, E 19 02.8036","Eriophorum Autochamber Site","Fen","0.0","Below Detection (>100)"
"2016_E3_10_14","2016","FEN","core_3","2016_E_3_10_14","10_14","E","15.2","5","N 68 21.2045, E 19 02.8036","Eriophorum Autochamber Site","Fen","0.0","Below Detection (>100)"
"2016_E2_20_24","2016","FEN","core_2","2016_E_2_20_24","20_24","E","15.1","4.5","N 68 21.2007, E 19 02.8044","Eriophorum Autochamber Site","Fen","-3.0","Below Detection (>100)"
"2016_E3_1_5","2016","FEN","core_3","2016_E_3_1_5","1_5","E","19.8","5.1","N 68 21.2045, E 19 02.8036","Eriophorum Autochamber Site","Fen","0.0","Below Detection (>100)"
"2016_E1_20_24","2016","FEN","core_1","2016_E_1_20_24","20_24","E","12.8","5.6","N 68 21.1942, E 19 02.8208","Eriophorum Autochamber Site","Fen","-4.2","Below Detection (>100)"
"2016_E1_10_14","2016","FEN","core_1","2016_E_1_10_14","10_14","E","13.7","5","N 68 21.1942, E 19 02.8208","Eriophorum Autochamber Site","Fen","-4.2","Below Detection (>100)"
"2016_S3_20_24","2016","BOG","core_3","2016_S_3_20_24","20_24","S","13.7","4.3","N 68 21.1970, E 19 02.8532","Sphagnum Autochamber Site","Bog","-10.0","Below Detection (>100)"
"2016_S3_10_14","2016","BOG","core_3","2016_S_3_10_14","10_14","S","15.3","4.2","N 68 21.1970, E 19 02.8532","Sphagnum Autochamber Site","Bog","-10.0","Below Detection (>100)"
"2016_S1_10_14","2016","BOG","core_1","2016_S_1_10_14","10_14","S","13.5","4","N 68 21.1902, E 19 02.8444","Sphagnum Autochamber Site","Bog","-10.0","Below Detection (>100)"
"2016_S3_1_5","2016","BOG","core_3","2016_S_3_1_5","1_5","S","18.6",NA,"N 68 21.1970, E 19 02.8532","Sphagnum Autochamber Site","Bog","-10.0","Below Detection (>100)"
"2016_S2_1_5","2016","BOG","core_2","2016_S_2_1_5","1_5","S","17.3",NA,"N 68 21.1952, E 19 02.8514","Sphagnum Autochamber Site","Bog","-9.0","Below Detection (>100)"
"2016_S1_20_24","2016","BOG","core_1","2016_S_1_20_24","20_24","S","11.6","4","N 68 21.1902, E 19 02.8444","Sphagnum Autochamber Site","Bog","-10.0","Below Detection (>100)"
"2016_S1_1_5","2016","BOG","core_1","2016_S_1_1_5","1_5","S","14.8",NA,"N 68 21.1902, E 19 02.8444","Sphagnum Autochamber Site","Bog","-10.0","Below Detection (>100)"
"2016_S2_10_14","2016","BOG","core_2","2016_S_2_10_14","10_14","S","13.5","3.9","N 68 21.1952, E 19 02.8514","Sphagnum Autochamber Site","Bog","-9.0","Below Detection (>100)"
"2016_S2_20_24","2016","BOG","core_2","2016_S_2_20_24","20_24","S","11.8","4","N 68 21.1952, E 19 02.8514","Sphagnum Autochamber Site","Bog","-9.0","Below Detection (>100)"
"2023_P_1_1_5","2023","PALSA","core _1","2023_P_1_1_5","1_5","P","12.9",NA,"68.35323934N, 19.04726260E","Palsa Autochamber Site","Palsa","Not Measured","45.0"
"2023_P_1_10_14","2023","PALSA","core _1","2023_P_1_10_14","10_14","P","9.3",NA,"68.35323934N, 19.04726260E","Palsa Autochamber Site","Palsa","Not Measured","45.0"
"2023_P_1_20_24","2023","PALSA","core _1","2023_P_1_20_24","20_24","P","5.3",NA,"68.35323934N, 19.04726260E","Palsa Autochamber Site","Palsa","Not Measured","45.0"
"2023_P_1_30_34","2023","PALSA","core _1","2023_P_1_30_34","30_34","P","3.1",NA,"68.35323934N, 19.04726260E","Palsa Autochamber Site","Palsa","Not Measured","45.0"
"2023_P_2_1_5","2023","PALSA","core _2","2023_P_2_1_5","1_5","P","15.8",NA,"68.35344310N, 19.04733212E","Palsa Autochamber Site","Palsa","Not Measured","36.0"
"2023_P_2_10_14","2023","PALSA","core _2","2023_P_2_10_14","10_14","P","11.5",NA,"68.35344310N, 19.04733212E","Palsa Autochamber Site","Palsa","Not Measured","36.0"
"2023_P_2_20_24","2023","PALSA","core _2","2023_P_2_20_24","20_24","P","7.5",NA,"68.35344310N, 19.04733212E","Palsa Autochamber Site","Palsa","Not Measured","36.0"
"2023_P_2_30_34","2023","PALSA","core _2","2023_P_2_30_34","30_34","P","2.9",NA,"68.35344310N, 19.04733212E","Palsa Autochamber Site","Palsa","Not Measured","36.0"
"2023_P_3_1_5","2023","PALSA","core _3","2023_P_3_1_5","1_5","P","16.5",NA,"68.35349074N, 19.04737347E","Palsa Autochamber Site","Palsa","Not Measured","36.0"
"2023_P_3_10_14","2023","PALSA","core _3","2023_P_3_10_14","10_14","P","11.8",NA,"68.35349074N, 19.04737347E","Palsa Autochamber Site","Palsa","Not Measured","36.0"
"2023_P_3_20_24","2023","PALSA","core _3","2023_P_3_20_24","20_24","P","6.5",NA,"68.35349074N, 19.04737347E","Palsa Autochamber Site","Palsa","Not Measured","36.0"
"2023_P_3_30_34","2023","PALSA","core _3","2023_P_3_30_34","30_34","P","2.3",NA,"68.35349074N, 19.04737347E","Palsa Autochamber Site","Palsa","Not Measured","36.0"
"2023_S_1_1_5","2023","BOG","core _1","2023_S_1_1_5","1_5","S","15.4",NA,"68.35338463N, 19.04751523E","Sphagnum Autochamber Site","Bog","-16.0","Below Detection (>80)"
"2023_S_1_10_14","2023","BOG","core _1","2023_S_1_10_14","10_14","S","8.8",NA,"68.35338463N, 19.04751523E","Sphagnum Autochamber Site","Bog","-16.0","Below Detection (>80)"
"2023_S_1_20_24","2023","BOG","core _1","2023_S_1_20_24","20_24","S","6.3","4.1","68.35338463N, 19.04751523E","Sphagnum Autochamber Site","Bog","-16.0","Below Detection (>80)"
"2023_S_1_30_34","2023","BOG","core _1","2023_S_1_30_34","30_34","S","4.6","3.8","68.35338463N, 19.04751523E","Sphagnum Autochamber Site","Bog","-16.0","Below Detection (>80)"
"2023_S_1_40_44","2023","BOG","core _1","2023_S_1_40_44","40_44","S","2.6","3.7","68.35338463N, 19.04751523E","Sphagnum Autochamber Site","Bog","-16.0","Below Detection (>80)"
"2023_S_2_1_5","2023","BOG","core _2","2023_S_2_1_5","1_5","S","10.3",NA,"68.35342589N, 19.04757058E","Sphagnum Autochamber Site","Bog","-6.0","Below Detection (>80)"
"2023_S_2_10_14","2023","BOG","core _2","2023_S_2_10_14","10_14","S","8.3","3.6","68.35342589N, 19.04757058E","Sphagnum Autochamber Site","Bog","-6.0","Below Detection (>80)"
"2023_S_2_20_24","2023","BOG","core _2","2023_S_2_20_24","20_24","S","7.1","3.5","68.35342589N, 19.04757058E","Sphagnum Autochamber Site","Bog","-6.0","Below Detection (>80)"
"2023_S_2_30_34","2023","BOG","core _2","2023_S_2_30_34","30_34","S","5.2","3.4","68.35342589N, 19.04757058E","Sphagnum Autochamber Site","Bog","-6.0","Below Detection (>80)"
"2023_S_2_40_44","2023","BOG","core _2","2023_S_2_40_44","40_44","S","4","3.6","68.35342589N, 19.04757058E","Sphagnum Autochamber Site","Bog","-6.0","Below Detection (>80)"
"2023_S_3_1_5","2023","BOG","core _3","2023_S_3_1_5","1_5","S","12.4",NA,"68.35344247N, 19.04759278E","Sphagnum Autochamber Site","Bog","-10.0","Below Detection (>80)"
"2023_S_3_10_14","2023","BOG","core _3","2023_S_3_10_14","10_14","S","9","3.6","68.35344247N, 19.04759278E","Sphagnum Autochamber Site","Bog","-10.0","Below Detection (>80)"
"2023_S_3_20_24","2023","BOG","core _3","2023_S_3_20_24","20_24","S","6.8","3.6","68.35344247N, 19.04759278E","Sphagnum Autochamber Site","Bog","-10.0","Below Detection (>80)"
"2023_S_3_30_34","2023","BOG","core _3","2023_S_3_30_34","30_34","S","5.3","3.6","68.35344247N, 19.04759278E","Sphagnum Autochamber Site","Bog","-10.0","Below Detection (>80)"
"2023_S_3_40_44","2023","BOG","core _3","2023_S_3_40_44","40_44","S","3.1","3.8","68.35344247N, 19.04759278E","Sphagnum Autochamber Site","Bog","-10.0","Below Detection (>80)"
"2023_E_1_1_5","2023","FEN","core _1","2023_E_1_1_5","1_5","E","18.5",NA,"68.35324398N, 19.04703228E","Eriophorum Autochamber Site","Fen","8.5","Below Detection (>80)"
"2023_E_1_10_14","2023","FEN","core _1","2023_E_1_10_14","10_14","E","12.5",NA,"68.35324398N, 19.04703228E","Eriophorum Autochamber Site","Fen","8.5","Below Detection (>80)"
"2023_E_1_20_24","2023","FEN","core _1","2023_E_1_20_24","20_24","E","11.3","4.7","68.35324398N, 19.04703228E","Eriophorum Autochamber Site","Fen","8.5","Below Detection (>80)"
"2023_E_1_30_34","2023","FEN","core _1","2023_E_1_30_34","30_34","E","9.9","4.6","68.35324398N, 19.04703228E","Eriophorum Autochamber Site","Fen","8.5","Below Detection (>80)"
"2023_E_2_1_5","2023","FEN","core _2","2023_E_2_1_5","1_5","E","12.1","5.1","68.35328435N, 19.04654042E","Eriophorum Autochamber Site","Fen","3.0","Below Detection (>80)"
"2023_E_2_10_14","2023","FEN","core _2","2023_E_2_10_14","10_14","E","8.9","5.1","68.35328435N, 19.04654042E","Eriophorum Autochamber Site","Fen","3.0","Below Detection (>80)"
"2023_E_2_20_24","2023","FEN","core _2","2023_E_2_20_24","20_24","E","6.6","5.1","68.35328435N, 19.04654042E","Eriophorum Autochamber Site","Fen","3.0","Below Detection (>80)"
"2023_E_2_30_34","2023","FEN","core _2","2023_E_2_30_34","30_34","E","4.6","5.1","68.35328435N, 19.04654042E","Eriophorum Autochamber Site","Fen","3.0","Below Detection (>80)"
"2023_E_3_1_5","2023","FEN","core _3","2023_E_3_1_5","1_5","E","14.2","5.5","68.35343147N, 19.04668856E","Eriophorum Autochamber Site","Fen","6.0","Below Detection (>80)"
"2023_E_3_10_14","2023","FEN","core _3","2023_E_3_10_14","10_14","E","13.2","5.4","68.35343147N, 19.04668856E","Eriophorum Autochamber Site","Fen","6.0","Below Detection (>80)"
"2023_E_3_20_24","2023","FEN","core _3","2023_E_3_20_24","20_24","E","12.5","5.3","68.35343147N, 19.04668856E","Eriophorum Autochamber Site","Fen","6.0","Below Detection (>80)"
"2023_E_3_30_34","2023","FEN","core _3","2023_E_3_30_34","30_34","E","11.5","5.4","68.35343147N, 19.04668856E","Eriophorum Autochamber Site","Fen","6.0","Below Detection (>80)"
"2023_E_3_40_44","2023","FEN","core _3","2023_E_3_40_44","40_44","E","10","5.3","68.35343147N, 19.04668856E","Eriophorum Autochamber Site","Fen","6.0","Below Detection (>80)"
"2023_Inc_E_1_1_5","2023","IncE","core _1","2023_IncE_1_1_5","1_5","IncE","12.9","6.1","68.35440435N, 19.04451119E","Inc-Eriophorum","Fen","2.0","Below Detection (>80)"
"2023_Inc_E_1_10_14","2023","IncE","core _1","2023_IncE_1_10_14","10_14","IncE","12.8","5.9","68.35440435N, 19.04451119E","Inc-Eriophorum","Fen","2.0","Below Detection (>80)"
"2023_Inc_E_1_20_24","2023","IncE","core _1","2023_IncE_1_20_24","20_24","IncE","12.2","5.4","68.35440435N, 19.04451119E","Inc-Eriophorum","Fen","2.0","Below Detection (>80)"
"2023_Inc_E_1_30_34","2023","IncE","core _1","2023_IncE_1_30_34","30_34","IncE","10.7","5.3","68.35440435N, 19.04451119E","Inc-Eriophorum","Fen","2.0","Below Detection (>80)"
"2023_Inc_E_2_1_5","2023","IncE","core _2","2023_IncE_2_1_5","1_5","IncE","11.9","5.3","68.35444104N, 19.04438894E","Inc-Eriophorum","Fen","3.0","Below Detection (>80)"
"2023_Inc_E_2_10_14","2023","IncE","core _2","2023_IncE_2_10_14","10_14","IncE","11.3","5.4","68.35444104N, 19.04438894E","Inc-Eriophorum","Fen","3.0","Below Detection (>80)"
"2023_Inc_E_2_20_24","2023","IncE","core _2","2023_IncE_2_20_24","20_24","IncE","10.1","5.2","68.35444104N, 19.04438894E","Inc-Eriophorum","Fen","3.0","Below Detection (>80)"
"2023_Inc_E_2_30_34","2023","IncE","core _2","2023_IncE_2_30_34","30_34","IncE","8.9","5","68.35444104N, 19.04438894E","Inc-Eriophorum","Fen","3.0","Below Detection (>80)"
"2023_Inc_E_3_1_5","2023","IncE","core _3","2023_IncE_3_1_5","1_5","IncE","9.8","5.2","68.35446596N, 19.04442549E","Inc-Eriophorum","Fen","2.5","Below Detection (>80)"
"2023_Inc_E_3_10_14","2023","IncE","core _3","2023_IncE_3_10_14","10_14","IncE","8.9","5.1","68.35446596N, 19.04442549E","Inc-Eriophorum","Fen","2.5","Below Detection (>80)"
"2023_Inc_E_3_20_24","2023","IncE","core _3","2023_IncE_3_20_24","20_24","IncE","7.9","5","68.35446596N, 19.04442549E","Inc-Eriophorum","Fen","2.5","Below Detection (>80)"
"2023_Inc_E_3_30_34","2023","IncE","core _3","2023_IncE_3_30_34","30_34","IncE","6.6","5.2","68.35446596N, 19.04442549E","Inc-Eriophorum","Fen","2.5","Below Detection (>80)"
"2023_AvCj_P_1_1_5","2023","AvCj_P","core _1","2023_AvCj_P_1_1_5","1_5","AvCj_P","10.5",NA,"68.35516776N, 19.04335975E","Avni Transect C-Jessica (P; collar 10,11,12)","Palsa","Not Measured","40.7"
"2023_AvCj_P_1_10_14","2023","AvCj_P","core _1","2023_AvCj_P_1_10_14","10_14","AvCj_P","8",NA,"68.35516776N, 19.04335975E","Avni Transect C-Jessica (P; collar 10,11,12)","Palsa","Not Measured","40.7"
"2023_AvCj_P_1_20_24","2023","AvCj_P","core _1","2023_AvCj_P_1_20_24","20_24","AvCj_P","4",NA,"68.35516776N, 19.04335975E","Avni Transect C-Jessica (P; collar 10,11,12)","Palsa","Not Measured","40.7"
"2023_AvCj_P_1_30_34","2023","AvCj_P","core _1","2023_AvCj_P_1_30_34","30_34","AvCj_P","2",NA,"68.35516776N, 19.04335975E","Avni Transect C-Jessica (P; collar 10,11,12)","Palsa","Not Measured","40.7"
"2023_AvCj_P_2_1_5","2023","AvCj_P","core _2","2023_AvCj_P_2_1_5","1_5","AvCj_P","12.9",NA,"68.35517730N, 19.04332818E","Avni Transect C-Jessica (P; collar 10,11,12)","Palsa","Not Measured","38.5"
"2023_AvCj_P_2_10_14","2023","AvCj_P","core _2","2023_AvCj_P_2_10_14","10_14","AvCj_P","8.7",NA,"68.35517730N, 19.04332818E","Avni Transect C-Jessica (P; collar 10,11,12)","Palsa","Not Measured","38.5"
"2023_AvCj_P_2_20_24","2023","AvCj_P","core _2","2023_AvCj_P_2_20_24","20_24","AvCj_P","4.2",NA,"68.35517730N, 19.04332818E","Avni Transect C-Jessica (P; collar 10,11,12)","Palsa","Not Measured","38.5"
"2023_AvCj_P_2_30_34","2023","AvCj_P","core _2","2023_AvCj_P_2_30_34","30_34","AvCj_P","1",NA,"68.35517730N, 19.04332818E","Avni Transect C-Jessica (P; collar 10,11,12)","Palsa","Not Measured","38.5"
"2023_AvCj_P_3_1_5","2023","AvCj_P","core _3","2023_AvCj_P_3_1_5","1_5","AvCj_P","14.6",NA,"68.35515285N, 19.04333800E","Avni Transect C-Jessica (P; collar 10,11,12)","Palsa","Not Measured","38.0"
"2023_AvCj_P_3_10_14","2023","AvCj_P","core _3","2023_AvCj_P_3_10_14","10_14","AvCj_P","8.9",NA,"68.35515285N, 19.04333800E","Avni Transect C-Jessica (P; collar 10,11,12)","Palsa","Not Measured","38.0"
"2023_AvCj_P_3_20_24","2023","AvCj_P","core _3","2023_AvCj_P_3_20_24","20_24","AvCj_P","5.5",NA,"68.35515285N, 19.04333800E","Avni Transect C-Jessica (P; collar 10,11,12)","Palsa","Not Measured","38.0"
"2023_AvCj_P_3_30_34","2023","AvCj_P","core _3","2023_AvCj_P_3_30_34","30_34","AvCj_P","2.2",NA,"68.35515285N, 19.04333800E","Avni Transect C-Jessica (P; collar 10,11,12)","Palsa","Not Measured","38.0"
"2023_AvCe_F1_1_1_5","2023","AvCe_F1","core _1","2023_AvCe_F1_1_1_5","1_5","AvCe_F1","11.2","5.4","68.35479597N, 19.04327967E","Avni Transect C-extension (F, fen-stayed-fen; collar 7,8,9)","Fen","8.0","Below Detection (>80)"
"2023_AvCe_F1_1_10_14","2023","AvCe_F1","core _1","2023_AvCe_F1_1_10_14","10_14","AvCe_F1","11.1","5.4","68.35479597N, 19.04327967E","Avni Transect C-extension (F, fen-stayed-fen; collar 7,8,9)","Fen","8.0","Below Detection (>80)"
"2023_AvCe_F1_1_20_24","2023","AvCe_F1","core _1","2023_AvCe_F1_1_20_24","20_24","AvCe_F1","11.1","5.4","68.35479597N, 19.04327967E","Avni Transect C-extension (F, fen-stayed-fen; collar 7,8,9)","Fen","8.0","Below Detection (>80)"
"2023_AvCe_F1_1_30_34","2023","AvCe_F1","core _1","2023_AvCe_F1_1_30_34","30_34","AvCe_F1","10.6","5.5","68.35479597N, 19.04327967E","Avni Transect C-extension (F, fen-stayed-fen; collar 7,8,9)","Fen","8.0","Below Detection (>80)"
"2023_AvCe_F1_1_40_44","2023","AvCe_F1","core _1","2023_AvCe_F1_1_40_44","40_44","AvCe_F1","9.9","5.5","68.35479597N, 19.04327967E","Avni Transect C-extension (F, fen-stayed-fen; collar 7,8,9)","Fen","8.0","Below Detection (>80)"
"2023_AvCe_F1_1_50_54","2023","AvCe_F1","core _1","2023_AvCe_F1_1_50_54","50_54","AvCe_F1","9.1",NA,"68.35479597N, 19.04327967E","Avni Transect C-extension (F, fen-stayed-fen; collar 7,8,9)","Fen","8.0","Below Detection (>80)"
"2023_AvCe_F1_1_60_64","2023","AvCe_F1","core _1","2023_AvCe_F1_1_60_64","60_64","AvCe_F1","8.7",NA,"68.35479597N, 19.04327967E","Avni Transect C-extension (F, fen-stayed-fen; collar 7,8,9)","Fen","8.0","Below Detection (>80)"
"2023_AvCe_F1_1_70_74","2023","AvCe_F1","core _1","2023_AvCe_F1_1_70_74","70_74","AvCe_F1",NA,NA,"68.35479597N, 19.04327967E","Avni Transect C-extension (F, fen-stayed-fen; collar 7,8,9)","Fen","8.0","Below Detection (>80)"
"2023_AvCe_F1_2_1_5","2023","AvCe_F1","core _2","2023_AvCe_F1_2_1_5","1_5","AvCe_F1","10.7","5.5","68.35475824N, 19.04329388E","Avni Transect C-extension (F, fen-stayed-fen; collar 7,8,9)","Fen","9.0","Below Detection (>80)"
"2023_AvCe_F1_2_10_14","2023","AvCe_F1","core _2","2023_AvCe_F1_2_10_14","10_14","AvCe_F1","11","5.4","68.35475824N, 19.04329388E","Avni Transect C-extension (F, fen-stayed-fen; collar 7,8,9)","Fen","9.0","Below Detection (>80)"
"2023_AvCe_F1_2_20_24","2023","AvCe_F1","core _2","2023_AvCe_F1_2_20_24","20_24","AvCe_F1","11","5.4","68.35475824N, 19.04329388E","Avni Transect C-extension (F, fen-stayed-fen; collar 7,8,9)","Fen","9.0","Below Detection (>80)"
"2023_AvCe_F1_2_30_34","2023","AvCe_F1","core _2","2023_AvCe_F1_2_30_34","30_34","AvCe_F1","10.6","5.4","68.35475824N, 19.04329388E","Avni Transect C-extension (F, fen-stayed-fen; collar 7,8,9)","Fen","9.0","Below Detection (>80)"
"2023_AvCe_F1_2_40_44","2023","AvCe_F1","core _2","2023_AvCe_F1_2_40_44","40_44","AvCe_F1","9.6",NA,"68.35475824N, 19.04329388E","Avni Transect C-extension (F, fen-stayed-fen; collar 7,8,9)","Fen","9.0","Below Detection (>80)"
"2023_AvCe_F1_2_50_54","2023","AvCe_F1","core _2","2023_AvCe_F1_2_50_54","50_54","AvCe_F1","9.1",NA,"68.35475824N, 19.04329388E","Avni Transect C-extension (F, fen-stayed-fen; collar 7,8,9)","Fen","9.0","Below Detection (>80)"
"2023_AvCe_F1_2_60_64","2023","AvCe_F1","core _2","2023_AvCe_F1_2_60_64","60_64","AvCe_F1","8.7",NA,"68.35475824N, 19.04329388E","Avni Transect C-extension (F, fen-stayed-fen; collar 7,8,9)","Fen","9.0","Below Detection (>80)"
"2023_AvCe_F1_2_70_74","2023","AvCe_F1","core _2","2023_AvCe_F1_2_70_74","70_74","AvCe_F1",NA,NA,"68.35475824N, 19.04329388E","Avni Transect C-extension (F, fen-stayed-fen; collar 7,8,9)","Fen","9.0","Below Detection (>80)"
"2023_AvCe_F1_2_80_84","2023","AvCe_F1","core _2","2023_AvCe_F1_2_80_84","80_84","AvCe_F1",NA,NA,"68.35475824N, 19.04329388E","Avni Transect C-extension (F, fen-stayed-fen; collar 7,8,9)","Fen","9.0","Below Detection (>80)"
"2023_AvCe_F1_2_90_92","2023","AvCe_F1","core _2","2023_AvCe_F1_2_90_94","90_94","AvCe_F1",NA,NA,"68.35475824N, 19.04329388E","Avni Transect C-extension (F, fen-stayed-fen; collar 7,8,9)","Fen","9.0","Below Detection (>80)"
"2023_AvCe_F1_3_1_5","2023","AvCe_F1","core _3","2023_AvCe_F1_3_1_5","1_5","AvCe_F1","11.1","5.1","68.35477438N, 19.04338766E","Avni Transect C-extension (F, fen-stayed-fen; collar 7,8,9)","Fen","8.5","Below Detection (>80)"
"2023_AvCe_F1_3_10_14","2023","AvCe_F1","core _3","2023_AvCe_F1_3_10_14","10_14","AvCe_F1","11.2","5.1","68.35477438N, 19.04338766E","Avni Transect C-extension (F, fen-stayed-fen; collar 7,8,9)","Fen","8.5","Below Detection (>80)"
"2023_AvCe_F1_3_20_24","2023","AvCe_F1","core _3","2023_AvCe_F1_3_20_24","20_24","AvCe_F1","11.2","5.2","68.35477438N, 19.04338766E","Avni Transect C-extension (F, fen-stayed-fen; collar 7,8,9)","Fen","8.5","Below Detection (>80)"
"2023_AvCe_F1_3_30_34","2023","AvCe_F1","core _3","2023_AvCe_F1_3_30_34","30_34","AvCe_F1","10.5","5.2","68.35477438N, 19.04338766E","Avni Transect C-extension (F, fen-stayed-fen; collar 7,8,9)","Fen","8.5","Below Detection (>80)"
"2023_AvCe_F1_3_40_44","2023","AvCe_F1","core _3","2023_AvCe_F1_3_40_44","40_44","AvCe_F1","9.4",NA,"68.35477438N, 19.04338766E","Avni Transect C-extension (F, fen-stayed-fen; collar 7,8,9)","Fen","8.5","Below Detection (>80)"
"2023_AvCe_F1_3_50_54","2023","AvCe_F1","core _3","2023_AvCe_F1_3_50_54","50_54","AvCe_F1","9",NA,"68.35477438N, 19.04338766E","Avni Transect C-extension (F, fen-stayed-fen; collar 7,8,9)","Fen","8.5","Below Detection (>80)"
"2023_AvCe_F1_3_60_64","2023","AvCe_F1","core _3","2023_AvCe_F1_3_60_64","60_64","AvCe_F1",NA,NA,"68.35477438N, 19.04338766E","Avni Transect C-extension (F, fen-stayed-fen; collar 7,8,9)","Fen","8.5","Below Detection (>80)"
"2023_AvCe_F1_3_70_74","2023","AvCe_F1","core _3","2023_AvCe_F1_3_70_74","70_74","AvCe_F1",NA,NA,"68.35477438N, 19.04338766E","Avni Transect C-extension (F, fen-stayed-fen; collar 7,8,9)","Fen","8.5","Below Detection (>80)"
"2023_AvCe_C_1_1_5","2023","AvCe_C","core _1","2023_AvCe_C_1_1_5","1_5","AvCe_C","11.3","5.4","68.35488727N, 19.04341933E","Avni Transect C-extension (C, palsa-now-fen; collar 4,5,6)","Fen","12.0","Below Detection (>80)"
"2023_AvCe_C_1_10_14","2023","AvCe_C","core _1","2023_AvCe_C_1_10_14","10_14","AvCe_C","11.2","5.8","68.35488727N, 19.04341933E","Avni Transect C-extension (C, palsa-now-fen; collar 4,5,6)","Fen","12.0","Below Detection (>80)"
"2023_AvCe_C_1_20_24","2023","AvCe_C","core _1","2023_AvCe_C_1_20_24","20_24","AvCe_C","11","5.8","68.35488727N, 19.04341933E","Avni Transect C-extension (C, palsa-now-fen; collar 4,5,6)","Fen","12.0","Below Detection (>80)"
"2023_AvCe_C_1_30_34","2023","AvCe_C","core _1","2023_AvCe_C_1_30_34","30_34","AvCe_C","10.6","5.7","68.35488727N, 19.04341933E","Avni Transect C-extension (C, palsa-now-fen; collar 4,5,6)","Fen","12.0","Below Detection (>80)"
"2023_AvCe_C_1_40_44","2023","AvCe_C","core _1","2023_AvCe_C_1_40_44","40_44","AvCe_C","9.7","6","68.35488727N, 19.04341933E","Avni Transect C-extension (C, palsa-now-fen; collar 4,5,6)","Fen","12.0","Below Detection (>80)"
"2023_AvCe_C_1_50_54","2023","AvCe_C","core _1","2023_AvCe_C_1_50_54","50_54","AvCe_C","9.1",NA,"68.35488727N, 19.04341933E","Avni Transect C-extension (C, palsa-now-fen; collar 4,5,6)","Fen","12.0","Below Detection (>80)"
"2023_AvCe_C_1_60_64","2023","AvCe_C","core _1","2023_AvCe_C_1_60_64","60_64","AvCe_C",NA,"5.7","68.35488727N, 19.04341933E","Avni Transect C-extension (C, palsa-now-fen; collar 4,5,6)","Fen","12.0","Below Detection (>80)"
"2023_AvCe_C_1_70_74","2023","AvCe_C","core _1","2023_AvCe_C_1_70_74","70_74","AvCe_C",NA,"5.9","68.35488727N, 19.04341933E","Avni Transect C-extension (C, palsa-now-fen; collar 4,5,6)","Fen","12.0","Below Detection (>80)"
"2023_AvCe_C_2_1_5","2023","AvCe_C","core _2","2023_AvCe_C_2_1_5","1_5","AvCe_C","10.6","5.8","68.35485001N, 19.04337918E","Avni Transect C-extension (C, palsa-now-fen; collar 4,5,6)","Fen","7.0","Below Detection (>80)"
"2023_AvCe_C_2_10_14","2023","AvCe_C","core _2","2023_AvCe_C_2_10_14","10_14","AvCe_C","10.4",NA,"68.35485001N, 19.04337918E","Avni Transect C-extension (C, palsa-now-fen; collar 4,5,6)","Fen","7.0","Below Detection (>80)"
"2023_AvCe_C_2_20_24","2023","AvCe_C","core _2","2023_AvCe_C_2_20_24","20_24","AvCe_C","9.9",NA,"68.35485001N, 19.04337918E","Avni Transect C-extension (C, palsa-now-fen; collar 4,5,6)","Fen","7.0","Below Detection (>80)"
"2023_AvCe_C_2_30_34","2023","AvCe_C","core _2","2023_AvCe_C_2_30_34","30_34","AvCe_C","9.1",NA,"68.35485001N, 19.04337918E","Avni Transect C-extension (C, palsa-now-fen; collar 4,5,6)","Fen","7.0","Below Detection (>80)"
"2023_AvCe_C_2_40_44","2023","AvCe_C","core _2","2023_AvCe_C_2_40_44","40_44","AvCe_C","8.4",NA,"68.35485001N, 19.04337918E","Avni Transect C-extension (C, palsa-now-fen; collar 4,5,6)","Fen","7.0","Below Detection (>80)"
"2023_AvCe_C_2_50_54","2023","AvCe_C","core _2","2023_AvCe_C_2_50_54","50_54","AvCe_C","8.1",NA,"68.35485001N, 19.04337918E","Avni Transect C-extension (C, palsa-now-fen; collar 4,5,6)","Fen","7.0","Below Detection (>80)"
"2023_AvCe_C_2_60_64","2023","AvCe_C","core _2","2023_AvCe_C_2_60_64","60_64","AvCe_C",NA,NA,"68.35485001N, 19.04337918E","Avni Transect C-extension (C, palsa-now-fen; collar 4,5,6)","Fen","7.0","Below Detection (>80)"
"2023_AvCe_C_3_1_5","2023","AvCe_C","core _3","2023_AvCe_C_3_1_5","1_5","AvCe_C","11.1","5.9","68.35487632N, 19.04331543E","Avni Transect C-extension (C, palsa-now-fen; collar 4,5,6)","Fen","7.0","Below Detection (>80)"
"2023_AvCe_C_3_10_14","2023","AvCe_C","core _3","2023_AvCe_C_3_10_14","10_14","AvCe_C","11","5.8","68.35487632N, 19.04331543E","Avni Transect C-extension (C, palsa-now-fen; collar 4,5,6)","Fen","7.0","Below Detection (>80)"
"2023_AvCe_C_3_20_24","2023","AvCe_C","core _3","2023_AvCe_C_3_20_24","20_24","AvCe_C","10.6","5.7","68.35487632N, 19.04331543E","Avni Transect C-extension (C, palsa-now-fen; collar 4,5,6)","Fen","7.0","Below Detection (>80)"
"2023_AvCe_C_3_30_34","2023","AvCe_C","core _3","2023_AvCe_C_3_30_34","30_34","AvCe_C","9.9","5.7","68.35487632N, 19.04331543E","Avni Transect C-extension (C, palsa-now-fen; collar 4,5,6)","Fen","7.0","Below Detection (>80)"
"2023_AvCe_C_3_40_44","2023","AvCe_C","core _3","2023_AvCe_C_3_40_44","40_44","AvCe_C","8.8",NA,"68.35487632N, 19.04331543E","Avni Transect C-extension (C, palsa-now-fen; collar 4,5,6)","Fen","7.0","Below Detection (>80)"
"2023_AvCe_C_3_50_54","2023","AvCe_C","core _3","2023_AvCe_C_3_50_54","50_54","AvCe_C","8.1",NA,"68.35487632N, 19.04331543E","Avni Transect C-extension (C, palsa-now-fen; collar 4,5,6)","Fen","7.0","Below Detection (>80)"
"2023_AvC_P_1_1_5","2023","AvC_P","core _1","2023_AvC_P_1_1_5","1_5","AvC_P","12.5","6","68.35496234N, 19.04371927E","Avni Transect C (P; collar 1,2,3)","Fen","8.0","Below Detection (>80)"
"2023_AvC_P_1_10_14","2023","AvC_P","core _1","2023_AvC_P_1_10_14","10_14","AvC_P","11.9","5.2","68.35496234N, 19.04371927E","Avni Transect C (P; collar 1,2,3)","Fen","8.0","Below Detection (>80)"
"2023_AvC_P_1_20_24","2023","AvC_P","core _1","2023_AvC_P_1_20_24","20_24","AvC_P","11.4","4.8","68.35496234N, 19.04371927E","Avni Transect C (P; collar 1,2,3)","Fen","8.0","Below Detection (>80)"
"2023_AvC_P_1_30_34","2023","AvC_P","core _1","2023_AvC_P_1_30_34","30_34","AvC_P","10.8","4.6","68.35496234N, 19.04371927E","Avni Transect C (P; collar 1,2,3)","Fen","8.0","Below Detection (>80)"
"2023_AvC_P_1_40_44","2023","AvC_P","core _1","2023_AvC_P_1_40_44","40_44","AvC_P","9.9","4.7","68.35496234N, 19.04371927E","Avni Transect C (P; collar 1,2,3)","Fen","8.0","Below Detection (>80)"
"2023_AvC_P_1_50_54","2023","AvC_P","core _1","2023_AvC_P_1_50_54","50_54","AvC_P","9.2",NA,"68.35496234N, 19.04371927E","Avni Transect C (P; collar 1,2,3)","Fen","8.0","Below Detection (>80)"
"2023_AvC_P_1_60_64","2023","AvC_P","core _1","2023_AvC_P_1_60_64","60_64","AvC_P","8.8",NA,"68.35496234N, 19.04371927E","Avni Transect C (P; collar 1,2,3)","Fen","8.0","Below Detection (>80)"
"2023_AvC_P_2_1_5","2023","AvC_P","core _2","2023_AvC_P_2_1_5","1_5","AvC_P","12.6","5","68.35499616N, 19.04369480E","Avni Transect C (P; collar 1,2,3)","Fen","7.0","Below Detection (>80)"
"2023_AvC_P_2_10_14","2023","AvC_P","core _2","2023_AvC_P_2_10_14","10_14","AvC_P","11.9","5.1","68.35499616N, 19.04369480E","Avni Transect C (P; collar 1,2,3)","Fen","7.0","Below Detection (>80)"
"2023_AvC_P_2_20_24","2023","AvC_P","core _2","2023_AvC_P_2_20_24","20_24","AvC_P","11.5","5.1","68.35499616N, 19.04369480E","Avni Transect C (P; collar 1,2,3)","Fen","7.0","Below Detection (>80)"
"2023_AvC_P_2_30_34","2023","AvC_P","core _2","2023_AvC_P_2_30_34","30_34","AvC_P","10.5","4.5","68.35499616N, 19.04369480E","Avni Transect C (P; collar 1,2,3)","Fen","7.0","Below Detection (>80)"
"2023_AvC_P_2_40_44","2023","AvC_P","core _2","2023_AvC_P_2_40_44","40_44","AvC_P","9.6","4.7","68.35499616N, 19.04369480E","Avni Transect C (P; collar 1,2,3)","Fen","7.0","Below Detection (>80)"
"2023_AvC_P_2_50_54","2023","AvC_P","core _2","2023_AvC_P_2_50_54","50_54","AvC_P","8.3",NA,"68.35499616N, 19.04369480E","Avni Transect C (P; collar 1,2,3)","Fen","7.0","Below Detection (>80)"
"2023_AvC_P_2_60_64","2023","AvC_P","core _2","2023_AvC_P_2_60_64","60_64","AvC_P","7.8",NA,"68.35499616N, 19.04369480E","Avni Transect C (P; collar 1,2,3)","Fen","7.0","Below Detection (>80)"
"2023_AvC_P_3_1_5","2023","AvC_P","core _3","2023_AvC_P_3_1_5","1_5","AvC_P","13.6","4.7","68.35501837N, 19.04373789E","Avni Transect C (P; collar 1,2,3)","Fen","7.0","Below Detection (>80)"
"2023_AvC_P_3_10_14","2023","AvC_P","core _3","2023_AvC_P_3_10_14","10_14","AvC_P","12.4","5","68.35501837N, 19.04373789E","Avni Transect C (P; collar 1,2,3)","Fen","7.0","Below Detection (>80)"
"2023_AvC_P_3_20_24","2023","AvC_P","core _3","2023_AvC_P_3_20_24","20_24","AvC_P","11.4","4.2","68.35501837N, 19.04373789E","Avni Transect C (P; collar 1,2,3)","Fen","7.0","Below Detection (>80)"
"2023_AvC_P_3_30_34","2023","AvC_P","core _3","2023_AvC_P_3_30_34","30_34","AvC_P","10.6","4.3","68.35501837N, 19.04373789E","Avni Transect C (P; collar 1,2,3)","Fen","7.0","Below Detection (>80)"
"2023_AvC_P_3_40_44","2023","AvC_P","core _3","2023_AvC_P_3_40_44","40_44","AvC_P","9.6",NA,"68.35501837N, 19.04373789E","Avni Transect C (P; collar 1,2,3)","Fen","7.0","Below Detection (>80)"
"2023_AvC_P_3_50_54","2023","AvC_P","core _3","2023_AvC_P_3_50_54","50_54","AvC_P","9",NA,"68.35501837N, 19.04373789E","Avni Transect C (P; collar 1,2,3)","Fen","7.0","Below Detection (>80)"
"2023_AvC_P_3_60_64","2023","AvC_P","core _3","2023_AvC_P_3_60_64","60_64","AvC_P","8.5",NA,"68.35501837N, 19.04373789E","Avni Transect C (P; collar 1,2,3)","Fen","7.0","Below Detection (>80)"
"2023_AvC_P_3_70_74","2023","AvC_P","core _3","2023_AvC_P_3_70_74","70_74","AvC_P",NA,NA,"68.35501837N, 19.04373789E","Avni Transect C (P; collar 1,2,3)","Fen","7.0","Below Detection (>80)"
"2023_AvC_P_3_80_84","2023","AvC_P","core _3","2023_AvC_P_3_80_84","80_84","AvC_P",NA,NA,"68.35501837N, 19.04373789E","Avni Transect C (P; collar 1,2,3)","Fen","7.0","Below Detection (>80)"
